/*
 RACING STABLE
*/

Insert into BS708164LM20.RACINGSTABLE (IDRACINGSTABLE,NAME,CONSTRUCTOR,DATEOFCREATION,NBCARSAVAILABLE,TIMEINRACE) values ('1','MERCEDES','MERCEDES-BENZ',to_date('01/01/54','DD/MM/RR'),'0','+00 00:00:00.000000');
Insert into BS708164LM20.RACINGSTABLE (IDRACINGSTABLE,NAME,CONSTRUCTOR,DATEOFCREATION,NBCARSAVAILABLE,TIMEINRACE) values ('2','FERRARI','FERRARI',to_date('01/01/47','DD/MM/RR'),'0','+00 00:00:00.000000');
Insert into BS708164LM20.RACINGSTABLE (IDRACINGSTABLE,NAME,CONSTRUCTOR,DATEOFCREATION,NBCARSAVAILABLE,TIMEINRACE) values ('3','RED BULL RACING','HONDA',to_date('01/01/05','DD/MM/RR'),'0','+00 00:00:00.000000');
Insert into BS708164LM20.RACINGSTABLE (IDRACINGSTABLE,NAME,CONSTRUCTOR,DATEOFCREATION,NBCARSAVAILABLE,TIMEINRACE) values ('4','MCLAREN RENAULT','RENAULT',to_date('01/01/66','DD/MM/RR'),'0','+00 00:00:00.000000');
Insert into BS708164LM20.RACINGSTABLE (IDRACINGSTABLE,NAME,CONSTRUCTOR,DATEOFCREATION,NBCARSAVAILABLE,TIMEINRACE) values ('5','RENAULT','RENAULT',to_date('01/01/77','DD/MM/RR'),'0','+00 00:00:00.000000');
Insert into BS708164LM20.RACINGSTABLE (IDRACINGSTABLE,NAME,CONSTRUCTOR,DATEOFCREATION,NBCARSAVAILABLE,TIMEINRACE) values ('6','SCUDERIA TORO ROSSO','HONDA',to_date('01/01/06','DD/MM/RR'),'0','+00 00:00:00.000000');
Insert into BS708164LM20.RACINGSTABLE (IDRACINGSTABLE,NAME,CONSTRUCTOR,DATEOFCREATION,NBCARSAVAILABLE,TIMEINRACE) values ('7','FORCE INDIA','MERCEDES-BENZ',to_date('01/01/08','DD/MM/RR'),'0','+00 00:00:00.000000');
Insert into BS708164LM20.RACINGSTABLE (IDRACINGSTABLE,NAME,CONSTRUCTOR,DATEOFCREATION,NBCARSAVAILABLE,TIMEINRACE) values ('8','ALFA ROMEO RACING','FERRARI',to_date('01/01/50','DD/MM/RR'),'0','+00 00:00:00.000000');
Insert into BS708164LM20.RACINGSTABLE (IDRACINGSTABLE,NAME,CONSTRUCTOR,DATEOFCREATION,NBCARSAVAILABLE,TIMEINRACE) values ('9','HAAS','FERRARI',to_date('01/01/16','DD/MM/RR'),'0','+00 00:00:00.000000');
Insert into BS708164LM20.RACINGSTABLE (IDRACINGSTABLE,NAME,CONSTRUCTOR,DATEOFCREATION,NBCARSAVAILABLE,TIMEINRACE) values ('10','WILLIAMS','MERCEDES-BENZ',to_date('01/01/77','DD/MM/RR'),'0','+00 00:00:00.000000');
Insert into BS708164LM20.RACINGSTABLE (IDRACINGSTABLE,NAME,CONSTRUCTOR,DATEOFCREATION,NBCARSAVAILABLE,TIMEINRACE) values ('11','MIAGE RACING','MOPOLO',to_date('01/01/20','DD/MM/RR'),'0','+00 00:00:00.000000');
Insert into BS708164LM20.RACINGSTABLE (IDRACINGSTABLE,NAME,CONSTRUCTOR,DATEOFCREATION,NBCARSAVAILABLE,TIMEINRACE) values ('12','SCUDERIA MARAIS','MARAIS',to_date('01/01/20','DD/MM/RR'),'0','+00 00:00:00.000000');


/*
CAR RACING STABLE
*/

Insert into BS708164LM20.CARSRACINGSTABLE (IDCAR,NAME,STATE,IDRACINGSTABLE) values ('1','MERCEDES-AMG F1 W10','AVAILABLE','1');
Insert into BS708164LM20.CARSRACINGSTABLE (IDCAR,NAME,STATE,IDRACINGSTABLE) values ('2','MERCEDES-AMG F1 W10','AVAILABLE','1');
Insert into BS708164LM20.CARSRACINGSTABLE (IDCAR,NAME,STATE,IDRACINGSTABLE) values ('3','FERRARI SF90','AVAILABLE','2');
Insert into BS708164LM20.CARSRACINGSTABLE (IDCAR,NAME,STATE,IDRACINGSTABLE) values ('4','FERRARI SF90','AVAILABLE','2');
Insert into BS708164LM20.CARSRACINGSTABLE (IDCAR,NAME,STATE,IDRACINGSTABLE) values ('5','RED BULL RB15','AVAILABLE','3');
Insert into BS708164LM20.CARSRACINGSTABLE (IDCAR,NAME,STATE,IDRACINGSTABLE) values ('6','RED BULL RB15','AVAILABLE','3');
Insert into BS708164LM20.CARSRACINGSTABLE (IDCAR,NAME,STATE,IDRACINGSTABLE) values ('7','RENAULT R.S.19','AVAILABLE','5');
Insert into BS708164LM20.CARSRACINGSTABLE (IDCAR,NAME,STATE,IDRACINGSTABLE) values ('8','RENAULT R.S.19','AVAILABLE','5');
Insert into BS708164LM20.CARSRACINGSTABLE (IDCAR,NAME,STATE,IDRACINGSTABLE) values ('9','MCLAREN MCL34','AVAILABLE','4');
Insert into BS708164LM20.CARSRACINGSTABLE (IDCAR,NAME,STATE,IDRACINGSTABLE) values ('10','MCLAREN MCL34','AVAILABLE','4');
Insert into BS708164LM20.CARSRACINGSTABLE (IDCAR,NAME,STATE,IDRACINGSTABLE) values ('11','TORO ROSSO STR14','AVAILABLE','6');
Insert into BS708164LM20.CARSRACINGSTABLE (IDCAR,NAME,STATE,IDRACINGSTABLE) values ('12','TORO ROSSO STR14','AVAILABLE','6');
Insert into BS708164LM20.CARSRACINGSTABLE (IDCAR,NAME,STATE,IDRACINGSTABLE) values ('13','RACING POINT RP19','AVAILABLE','7');
Insert into BS708164LM20.CARSRACINGSTABLE (IDCAR,NAME,STATE,IDRACINGSTABLE) values ('14','RACING POINT RP19','AVAILABLE','7');
Insert into BS708164LM20.CARSRACINGSTABLE (IDCAR,NAME,STATE,IDRACINGSTABLE) values ('15','ALFA ROMEO C38','AVAILABLE','8');
Insert into BS708164LM20.CARSRACINGSTABLE (IDCAR,NAME,STATE,IDRACINGSTABLE) values ('16','ALFA ROMEO C38','AVAILABLE','8');
Insert into BS708164LM20.CARSRACINGSTABLE (IDCAR,NAME,STATE,IDRACINGSTABLE) values ('17','HAAS VF-19','AVAILABLE','9');
Insert into BS708164LM20.CARSRACINGSTABLE (IDCAR,NAME,STATE,IDRACINGSTABLE) values ('18','HAAS VF-19','AVAILABLE','9');
Insert into BS708164LM20.CARSRACINGSTABLE (IDCAR,NAME,STATE,IDRACINGSTABLE) values ('19','WILLIAMS FW42','AVAILABLE','10');
Insert into BS708164LM20.CARSRACINGSTABLE (IDCAR,NAME,STATE,IDRACINGSTABLE) values ('20','WILLIAMS FW42','AVAILABLE','10');
Insert into BS708164LM20.CARSRACINGSTABLE (IDCAR,NAME,STATE,IDRACINGSTABLE) values ('21','MIAGE TURBO BOOST','AVAILABLE','11');

/*
PILOTE HISTORY

*/
Insert into BS708164LM20.RACINGSTABLEPILOTEHISTORY (IDRACINGSTABLEPILOTEHISTORY,HADJOINED,HADLEFT,IDRACINGSTABLE,IDPILOTE) values ('1',to_date('06/02/19','DD/MM/RR'),to_date('14/08/19','DD/MM/RR'),'3','7');
Insert into BS708164LM20.RACINGSTABLEPILOTEHISTORY (IDRACINGSTABLEPILOTEHISTORY,HADJOINED,HADLEFT,IDRACINGSTABLE,IDPILOTE) values ('4',to_date('06/02/19','DD/MM/RR'),to_date('14/08/19','DD/MM/RR'),'6','8');


/*

PILOTE
*/

Insert into BS708164LM20.PILOTE (IDPILOTE,NAME,DATEBIRTH,NATIONALITY) values ('1','HAMILTON',to_date('07/01/85','DD/MM/RR'),'UK');
Insert into BS708164LM20.PILOTE (IDPILOTE,NAME,DATEBIRTH,NATIONALITY) values ('2','BOTTAS',to_date('28/08/89','DD/MM/RR'),'FINLAND');
Insert into BS708164LM20.PILOTE (IDPILOTE,NAME,DATEBIRTH,NATIONALITY) values ('3','VERSTAPPEN',to_date('30/09/97','DD/MM/RR'),'NETHERLANDS');
Insert into BS708164LM20.PILOTE (IDPILOTE,NAME,DATEBIRTH,NATIONALITY) values ('4','LECLERC',to_date('16/10/97','DD/MM/RR'),'MONACO');
Insert into BS708164LM20.PILOTE (IDPILOTE,NAME,DATEBIRTH,NATIONALITY) values ('5','VETTEL',to_date('03/07/87','DD/MM/RR'),'GERMANY');
Insert into BS708164LM20.PILOTE (IDPILOTE,NAME,DATEBIRTH,NATIONALITY) values ('6','SAINZ',to_date('01/09/94','DD/MM/RR'),'SPAIN');
Insert into BS708164LM20.PILOTE (IDPILOTE,NAME,DATEBIRTH,NATIONALITY) values ('7','GASLY',to_date('07/02/96','DD/MM/RR'),'FRANCE');
Insert into BS708164LM20.PILOTE (IDPILOTE,NAME,DATEBIRTH,NATIONALITY) values ('8','ALBON',to_date('23/03/96','DD/MM/RR'),'THAILAND');
Insert into BS708164LM20.PILOTE (IDPILOTE,NAME,DATEBIRTH,NATIONALITY) values ('9','RICCIARDO',to_date('01/07/89','DD/MM/RR'),'AUSTRALIA');
Insert into BS708164LM20.PILOTE (IDPILOTE,NAME,DATEBIRTH,NATIONALITY) values ('10','PEREZ',to_date('26/01/90','DD/MM/RR'),'MEXICO');
Insert into BS708164LM20.PILOTE (IDPILOTE,NAME,DATEBIRTH,NATIONALITY) values ('11','NORRIS',to_date('13/11/99','DD/MM/RR'),'UK');
Insert into BS708164LM20.PILOTE (IDPILOTE,NAME,DATEBIRTH,NATIONALITY) values ('12','RAIKKONEN',to_date('17/10/79','DD/MM/RR'),'FINLAND');
Insert into BS708164LM20.PILOTE (IDPILOTE,NAME,DATEBIRTH,NATIONALITY) values ('13','KVYAT',to_date('26/04/94','DD/MM/RR'),'RUSSIA');
Insert into BS708164LM20.PILOTE (IDPILOTE,NAME,DATEBIRTH,NATIONALITY) values ('14','HULKENBERG',to_date('19/08/87','DD/MM/RR'),'GERMANY');
Insert into BS708164LM20.PILOTE (IDPILOTE,NAME,DATEBIRTH,NATIONALITY) values ('15','STROLL',to_date('29/10/98','DD/MM/RR'),'CANADA');
Insert into BS708164LM20.PILOTE (IDPILOTE,NAME,DATEBIRTH,NATIONALITY) values ('16','MAGNUSSEN',to_date('05/10/92','DD/MM/RR'),'DENMARK');
Insert into BS708164LM20.PILOTE (IDPILOTE,NAME,DATEBIRTH,NATIONALITY) values ('17','GIOVINAZZI',to_date('14/12/93','DD/MM/RR'),'ITALY');
Insert into BS708164LM20.PILOTE (IDPILOTE,NAME,DATEBIRTH,NATIONALITY) values ('18','GROSJEAN',to_date('17/04/86','DD/MM/RR'),'FRANCE');
Insert into BS708164LM20.PILOTE (IDPILOTE,NAME,DATEBIRTH,NATIONALITY) values ('19','KUBICA',to_date('07/12/84','DD/MM/RR'),'POLAND');
Insert into BS708164LM20.PILOTE (IDPILOTE,NAME,DATEBIRTH,NATIONALITY) values ('20','RUSSEL',to_date('15/02/98','DD/MM/RR'),'UK');

/*
racing stable pilote
*/

Insert into BS708164LM20.RACINGSTABLEPILOTE (IDRACINGSTABLEPILOTE,DATEHAVEJOIN,IDRACINGSTABLE,IDPILOTE) values ('7',to_date('03/01/19','DD/MM/RR'),'4','6');
Insert into BS708164LM20.RACINGSTABLEPILOTE (IDRACINGSTABLEPILOTE,DATEHAVEJOIN,IDRACINGSTABLE,IDPILOTE) values ('5',to_date('12/03/19','DD/MM/RR'),'2','4');
Insert into BS708164LM20.RACINGSTABLEPILOTE (IDRACINGSTABLEPILOTE,DATEHAVEJOIN,IDRACINGSTABLE,IDPILOTE) values ('10',to_date('02/03/16','DD/MM/RR'),'6','13');
Insert into BS708164LM20.RACINGSTABLEPILOTE (IDRACINGSTABLEPILOTE,DATEHAVEJOIN,IDRACINGSTABLE,IDPILOTE) values ('11',to_date('22/01/19','DD/MM/RR'),'5','9');
Insert into BS708164LM20.RACINGSTABLEPILOTE (IDRACINGSTABLEPILOTE,DATEHAVEJOIN,IDRACINGSTABLE,IDPILOTE) values ('13',to_date('10/03/14','DD/MM/RR'),'7','10');
Insert into BS708164LM20.RACINGSTABLEPILOTE (IDRACINGSTABLEPILOTE,DATEHAVEJOIN,IDRACINGSTABLE,IDPILOTE) values ('16',to_date('12/03/19','DD/MM/RR'),'8','17');
Insert into BS708164LM20.RACINGSTABLEPILOTE (IDRACINGSTABLEPILOTE,DATEHAVEJOIN,IDRACINGSTABLE,IDPILOTE) values ('17',to_date('21/02/17','DD/MM/RR'),'9','18');
Insert into BS708164LM20.RACINGSTABLEPILOTE (IDRACINGSTABLEPILOTE,DATEHAVEJOIN,IDRACINGSTABLE,IDPILOTE) values ('19',to_date('21/02/19','DD/MM/RR'),'10','19');
Insert into BS708164LM20.RACINGSTABLEPILOTE (IDRACINGSTABLEPILOTE,DATEHAVEJOIN,IDRACINGSTABLE,IDPILOTE) values ('20',to_date('30/01/19','DD/MM/RR'),'10','20');
Insert into BS708164LM20.RACINGSTABLEPILOTE (IDRACINGSTABLEPILOTE,DATEHAVEJOIN,IDRACINGSTABLE,IDPILOTE) values ('1',to_date('14/03/13','DD/MM/RR'),'1','1');
Insert into BS708164LM20.RACINGSTABLEPILOTE (IDRACINGSTABLEPILOTE,DATEHAVEJOIN,IDRACINGSTABLE,IDPILOTE) values ('2',to_date('13/02/17','DD/MM/RR'),'1','2');
Insert into BS708164LM20.RACINGSTABLEPILOTE (IDRACINGSTABLEPILOTE,DATEHAVEJOIN,IDRACINGSTABLE,IDPILOTE) values ('3',to_date('19/01/17','DD/MM/RR'),'3','3');
Insert into BS708164LM20.RACINGSTABLEPILOTE (IDRACINGSTABLEPILOTE,DATEHAVEJOIN,IDRACINGSTABLE,IDPILOTE) values ('4',to_date('15/08/19','DD/MM/RR'),'3','8');
Insert into BS708164LM20.RACINGSTABLEPILOTE (IDRACINGSTABLEPILOTE,DATEHAVEJOIN,IDRACINGSTABLE,IDPILOTE) values ('6',to_date('25/02/15','DD/MM/RR'),'2','5');
Insert into BS708164LM20.RACINGSTABLEPILOTE (IDRACINGSTABLEPILOTE,DATEHAVEJOIN,IDRACINGSTABLE,IDPILOTE) values ('8',to_date('06/03/19','DD/MM/RR'),'4','11');
Insert into BS708164LM20.RACINGSTABLEPILOTE (IDRACINGSTABLEPILOTE,DATEHAVEJOIN,IDRACINGSTABLE,IDPILOTE) values ('9',to_date('15/08/19','DD/MM/RR'),'6','7');
Insert into BS708164LM20.RACINGSTABLEPILOTE (IDRACINGSTABLEPILOTE,DATEHAVEJOIN,IDRACINGSTABLE,IDPILOTE) values ('14',to_date('11/02/19','DD/MM/RR'),'7','15');
Insert into BS708164LM20.RACINGSTABLEPILOTE (IDRACINGSTABLEPILOTE,DATEHAVEJOIN,IDRACINGSTABLE,IDPILOTE) values ('15',to_date('16/01/19','DD/MM/RR'),'8','12');
Insert into BS708164LM20.RACINGSTABLEPILOTE (IDRACINGSTABLEPILOTE,DATEHAVEJOIN,IDRACINGSTABLE,IDPILOTE) values ('18',to_date('09/03/16','DD/MM/RR'),'9','16');

/*

CIRCUIT

*/

Insert into BS708164LM20.CIRCUIT (IDCIRCUIT,NAME,COUNTRY,MILEAGE) values ('1','SILVERSTONE','UNITED KINGDOM','5,891');
Insert into BS708164LM20.CIRCUIT (IDCIRCUIT,NAME,COUNTRY,MILEAGE) values ('2','HOCKENHEIMRING','GERMANY','4,574');
Insert into BS708164LM20.CIRCUIT (IDCIRCUIT,NAME,COUNTRY,MILEAGE) values ('3','HUNGARORING','HUNGARY','4,381');
Insert into BS708164LM20.CIRCUIT (IDCIRCUIT,NAME,COUNTRY,MILEAGE) values ('4','SPA-FRANCORCHAMPS','BELGIUM','7,004');
Insert into BS708164LM20.CIRCUIT (IDCIRCUIT,NAME,COUNTRY,MILEAGE) values ('5','AUTODROMO NAZIONALE MONZA','ITALY','5,793');
Insert into BS708164LM20.CIRCUIT (IDCIRCUIT,NAME,COUNTRY,MILEAGE) values ('6','MARINA BAY STREET','SINGAPORE','5,063');
Insert into BS708164LM20.CIRCUIT (IDCIRCUIT,NAME,COUNTRY,MILEAGE) values ('7','SOCHI AUTODROM','RUSSIAN','5,848');

/*

RACE
*/

Insert into BS708164LM20.RACE (IDRACE,LOOPRACE,DATESTARTRACE,DATEENDRACE,MILEAGE,IDCIRCUIT) values ('1','52',to_date('12/07/19','DD/MM/RR'),to_date('14/07/19','DD/MM/RR'),'306,332','1');
Insert into BS708164LM20.RACE (IDRACE,LOOPRACE,DATESTARTRACE,DATEENDRACE,MILEAGE,IDCIRCUIT) values ('2','67',to_date('26/07/19','DD/MM/RR'),to_date('28/07/19','DD/MM/RR'),'306,458','2');
Insert into BS708164LM20.RACE (IDRACE,LOOPRACE,DATESTARTRACE,DATEENDRACE,MILEAGE,IDCIRCUIT) values ('3','70',to_date('02/08/19','DD/MM/RR'),to_date('04/08/19','DD/MM/RR'),'306,67','3');
Insert into BS708164LM20.RACE (IDRACE,LOOPRACE,DATESTARTRACE,DATEENDRACE,MILEAGE,IDCIRCUIT) values ('4','44',to_date('30/08/19','DD/MM/RR'),to_date('01/09/19','DD/MM/RR'),'308,176','4');
Insert into BS708164LM20.RACE (IDRACE,LOOPRACE,DATESTARTRACE,DATEENDRACE,MILEAGE,IDCIRCUIT) values ('5','53',to_date('06/09/19','DD/MM/RR'),to_date('08/09/19','DD/MM/RR'),'307,029','5');
Insert into BS708164LM20.RACE (IDRACE,LOOPRACE,DATESTARTRACE,DATEENDRACE,MILEAGE,IDCIRCUIT) values ('6','61',to_date('20/09/19','DD/MM/RR'),to_date('22/09/19','DD/MM/RR'),'308,843','6');
Insert into BS708164LM20.RACE (IDRACE,LOOPRACE,DATESTARTRACE,DATEENDRACE,MILEAGE,IDCIRCUIT) values ('7','53',to_date('27/09/19','DD/MM/RR'),to_date('29/09/19','DD/MM/RR'),'309,944','7');

/*
CARS RACING STABLE PILOTE

*/ 
Insert into BS708164LM20.CARRACINGSTABLEPILOTE (IDCARRACINGSTABLEPILOTE,IDCAR,IDRACINGSTABLEPILOTE) values ('1','1','1');
Insert into BS708164LM20.CARRACINGSTABLEPILOTE (IDCARRACINGSTABLEPILOTE,IDCAR,IDRACINGSTABLEPILOTE) values ('2','2','2');
Insert into BS708164LM20.CARRACINGSTABLEPILOTE (IDCARRACINGSTABLEPILOTE,IDCAR,IDRACINGSTABLEPILOTE) values ('3','3','5');
Insert into BS708164LM20.CARRACINGSTABLEPILOTE (IDCARRACINGSTABLEPILOTE,IDCAR,IDRACINGSTABLEPILOTE) values ('4','4','6');
Insert into BS708164LM20.CARRACINGSTABLEPILOTE (IDCARRACINGSTABLEPILOTE,IDCAR,IDRACINGSTABLEPILOTE) values ('5','5','4');
Insert into BS708164LM20.CARRACINGSTABLEPILOTE (IDCARRACINGSTABLEPILOTE,IDCAR,IDRACINGSTABLEPILOTE) values ('6','6','3');
Insert into BS708164LM20.CARRACINGSTABLEPILOTE (IDCARRACINGSTABLEPILOTE,IDCAR,IDRACINGSTABLEPILOTE) values ('7','7','11');
Insert into BS708164LM20.CARRACINGSTABLEPILOTE (IDCARRACINGSTABLEPILOTE,IDCAR,IDRACINGSTABLEPILOTE) values ('8','8','12');
Insert into BS708164LM20.CARRACINGSTABLEPILOTE (IDCARRACINGSTABLEPILOTE,IDCAR,IDRACINGSTABLEPILOTE) values ('9','9','8');
Insert into BS708164LM20.CARRACINGSTABLEPILOTE (IDCARRACINGSTABLEPILOTE,IDCAR,IDRACINGSTABLEPILOTE) values ('10','10','7');
Insert into BS708164LM20.CARRACINGSTABLEPILOTE (IDCARRACINGSTABLEPILOTE,IDCAR,IDRACINGSTABLEPILOTE) values ('11','11','9');
Insert into BS708164LM20.CARRACINGSTABLEPILOTE (IDCARRACINGSTABLEPILOTE,IDCAR,IDRACINGSTABLEPILOTE) values ('12','12','10');
Insert into BS708164LM20.CARRACINGSTABLEPILOTE (IDCARRACINGSTABLEPILOTE,IDCAR,IDRACINGSTABLEPILOTE) values ('13','13','13');
Insert into BS708164LM20.CARRACINGSTABLEPILOTE (IDCARRACINGSTABLEPILOTE,IDCAR,IDRACINGSTABLEPILOTE) values ('14','14','14');
Insert into BS708164LM20.CARRACINGSTABLEPILOTE (IDCARRACINGSTABLEPILOTE,IDCAR,IDRACINGSTABLEPILOTE) values ('15','15','16');
Insert into BS708164LM20.CARRACINGSTABLEPILOTE (IDCARRACINGSTABLEPILOTE,IDCAR,IDRACINGSTABLEPILOTE) values ('16','16','15');
Insert into BS708164LM20.CARRACINGSTABLEPILOTE (IDCARRACINGSTABLEPILOTE,IDCAR,IDRACINGSTABLEPILOTE) values ('17','17','17');
Insert into BS708164LM20.CARRACINGSTABLEPILOTE (IDCARRACINGSTABLEPILOTE,IDCAR,IDRACINGSTABLEPILOTE) values ('18','18','18');
Insert into BS708164LM20.CARRACINGSTABLEPILOTE (IDCARRACINGSTABLEPILOTE,IDCAR,IDRACINGSTABLEPILOTE) values ('19','19','19');
Insert into BS708164LM20.CARRACINGSTABLEPILOTE (IDCARRACINGSTABLEPILOTE,IDCAR,IDRACINGSTABLEPILOTE) values ('20','20','20');





