
/*
*   TABLE PILOTE
*/

Insert into BS708164LM20.PILOTE (IDPILOTE,NAME,DATEBIRTH,NATIONALITY) values ('1','HAMILTON',to_date('07/01/85','DD/MM/RR'),'UK');
Insert into BS708164LM20.PILOTE (IDPILOTE,NAME,DATEBIRTH,NATIONALITY) values ('2','BOTTAS',to_date('28/08/89','DD/MM/RR'),'FINLAND');
Insert into BS708164LM20.PILOTE (IDPILOTE,NAME,DATEBIRTH,NATIONALITY) values ('3','VERSTAPPEN',to_date('30/09/97','DD/MM/RR'),'NETHERLANDS');
Insert into BS708164LM20.PILOTE (IDPILOTE,NAME,DATEBIRTH,NATIONALITY) values ('4','LECLERC',to_date('16/10/97','DD/MM/RR'),'MONACO');
Insert into BS708164LM20.PILOTE (IDPILOTE,NAME,DATEBIRTH,NATIONALITY) values ('5','VETTEL',to_date('03/07/87','DD/MM/RR'),'GERMANY');
Insert into BS708164LM20.PILOTE (IDPILOTE,NAME,DATEBIRTH,NATIONALITY) values ('6','SAINZ',to_date('01/09/94','DD/MM/RR'),'SPAIN');
Insert into BS708164LM20.PILOTE (IDPILOTE,NAME,DATEBIRTH,NATIONALITY) values ('7','GASLY',to_date('07/02/96','DD/MM/RR'),'FRANCE');
Insert into BS708164LM20.PILOTE (IDPILOTE,NAME,DATEBIRTH,NATIONALITY) values ('8','ALBON',to_date('23/03/96','DD/MM/RR'),'THAILAND');
Insert into BS708164LM20.PILOTE (IDPILOTE,NAME,DATEBIRTH,NATIONALITY) values ('9','RICCIARDO',to_date('01/07/89','DD/MM/RR'),'AUSTRALIA');
Insert into BS708164LM20.PILOTE (IDPILOTE,NAME,DATEBIRTH,NATIONALITY) values ('10','PEREZ',to_date('26/01/90','DD/MM/RR'),'MEXICO');
Insert into BS708164LM20.PILOTE (IDPILOTE,NAME,DATEBIRTH,NATIONALITY) values ('11','NORRIS',to_date('13/11/99','DD/MM/RR'),'UK');
Insert into BS708164LM20.PILOTE (IDPILOTE,NAME,DATEBIRTH,NATIONALITY) values ('12','RAIKKONEN',to_date('17/10/79','DD/MM/RR'),'FINLAND');
Insert into BS708164LM20.PILOTE (IDPILOTE,NAME,DATEBIRTH,NATIONALITY) values ('13','KVYAT',to_date('26/04/94','DD/MM/RR'),'RUSSIA');
Insert into BS708164LM20.PILOTE (IDPILOTE,NAME,DATEBIRTH,NATIONALITY) values ('14','HULKENBERG',to_date('19/08/87','DD/MM/RR'),'GERMANY');
Insert into BS708164LM20.PILOTE (IDPILOTE,NAME,DATEBIRTH,NATIONALITY) values ('15','STROLL',to_date('29/10/98','DD/MM/RR'),'CANADA');
Insert into BS708164LM20.PILOTE (IDPILOTE,NAME,DATEBIRTH,NATIONALITY) values ('16','MAGNUSSEN',to_date('05/10/92','DD/MM/RR'),'DENMARK');
Insert into BS708164LM20.PILOTE (IDPILOTE,NAME,DATEBIRTH,NATIONALITY) values ('17','GIOVINAZZI',to_date('14/12/93','DD/MM/RR'),'ITALY');
Insert into BS708164LM20.PILOTE (IDPILOTE,NAME,DATEBIRTH,NATIONALITY) values ('18','GROSJEAN',to_date('17/04/86','DD/MM/RR'),'FRANCE');
Insert into BS708164LM20.PILOTE (IDPILOTE,NAME,DATEBIRTH,NATIONALITY) values ('19','KUBICA',to_date('07/12/84','DD/MM/RR'),'POLAND');
Insert into BS708164LM20.PILOTE (IDPILOTE,NAME,DATEBIRTH,NATIONALITY) values ('20','RUSSEL',to_date('15/02/98','DD/MM/RR'),'UK');
Insert into BS708164LM20.PILOTE (IDPILOTE,NAME,DATEBIRTH,NATIONALITY) values ('21','PREVOT',to_date('16/07/97','DD/MM/RR'),'FRANCE');
Insert into BS708164LM20.PILOTE (IDPILOTE,NAME,DATEBIRTH,NATIONALITY) values ('22','BOUCHE',to_date('22/09/97','DD/MM/RR'),'FRANCE');
Insert into BS708164LM20.PILOTE (IDPILOTE,NAME,DATEBIRTH,NATIONALITY) values ('23','GARNIER',to_date('06/01/97','DD/MM/RR'),'FRANCE');
Insert into BS708164LM20.PILOTE (IDPILOTE,NAME,DATEBIRTH,NATIONALITY) values ('24','GRISERI',to_date('07/05/97','DD/MM/RR'),'FRANCE');

/*
*   TABLE RACING STABLE
*/

Insert into BS708164LM20.RACINGSTABLE (IDRACINGSTABLE,NAME,CONSTRUCTOR,DATEOFCREATION,NBCARSAVAILABLE,TIMEINRACE) values ('1','MERCEDES','MERCEDES-BENZ',to_date('01/01/54','DD/MM/RR'),'2','+00 00:00:00.000000');
Insert into BS708164LM20.RACINGSTABLE (IDRACINGSTABLE,NAME,CONSTRUCTOR,DATEOFCREATION,NBCARSAVAILABLE,TIMEINRACE) values ('2','FERRARI','FERRARI',to_date('01/01/47','DD/MM/RR'),'2','+00 00:00:00.000000');
Insert into BS708164LM20.RACINGSTABLE (IDRACINGSTABLE,NAME,CONSTRUCTOR,DATEOFCREATION,NBCARSAVAILABLE,TIMEINRACE) values ('3','RED BULL RACING','HONDA',to_date('01/01/05','DD/MM/RR'),'2','+00 00:00:00.000000');
Insert into BS708164LM20.RACINGSTABLE (IDRACINGSTABLE,NAME,CONSTRUCTOR,DATEOFCREATION,NBCARSAVAILABLE,TIMEINRACE) values ('4','MCLAREN RENAULT','RENAULT',to_date('01/01/66','DD/MM/RR'),'2','+00 00:00:00.000000');
Insert into BS708164LM20.RACINGSTABLE (IDRACINGSTABLE,NAME,CONSTRUCTOR,DATEOFCREATION,NBCARSAVAILABLE,TIMEINRACE) values ('5','RENAULT','RENAULT',to_date('01/01/77','DD/MM/RR'),'2','+00 00:00:00.000000');
Insert into BS708164LM20.RACINGSTABLE (IDRACINGSTABLE,NAME,CONSTRUCTOR,DATEOFCREATION,NBCARSAVAILABLE,TIMEINRACE) values ('6','SCUDERIA TORO ROSSO','HONDA',to_date('01/01/06','DD/MM/RR'),'2','+00 00:00:00.000000');
Insert into BS708164LM20.RACINGSTABLE (IDRACINGSTABLE,NAME,CONSTRUCTOR,DATEOFCREATION,NBCARSAVAILABLE,TIMEINRACE) values ('7','FORCE INDIA','MERCEDES-BENZ',to_date('01/01/08','DD/MM/RR'),'2','+00 00:00:00.000000');
Insert into BS708164LM20.RACINGSTABLE (IDRACINGSTABLE,NAME,CONSTRUCTOR,DATEOFCREATION,NBCARSAVAILABLE,TIMEINRACE) values ('8','ALFA ROMEO RACING','FERRARI',to_date('01/01/50','DD/MM/RR'),'2','+00 00:00:00.000000');
Insert into BS708164LM20.RACINGSTABLE (IDRACINGSTABLE,NAME,CONSTRUCTOR,DATEOFCREATION,NBCARSAVAILABLE,TIMEINRACE) values ('9','HAAS','FERRARI',to_date('01/01/16','DD/MM/RR'),'2','+00 00:00:00.000000');
Insert into BS708164LM20.RACINGSTABLE (IDRACINGSTABLE,NAME,CONSTRUCTOR,DATEOFCREATION,NBCARSAVAILABLE,TIMEINRACE) values ('10','WILLIAMS','MERCEDES-BENZ',to_date('01/01/77','DD/MM/RR'),'2','+00 00:00:00.000000');
Insert into BS708164LM20.RACINGSTABLE (IDRACINGSTABLE,NAME,CONSTRUCTOR,DATEOFCREATION,NBCARSAVAILABLE,TIMEINRACE) values ('11','MIAGE RACING','MOPOLO',to_date('01/01/20','DD/MM/RR'),'1','+00 00:00:00.000000');
Insert into BS708164LM20.RACINGSTABLE (IDRACINGSTABLE,NAME,CONSTRUCTOR,DATEOFCREATION,NBCARSAVAILABLE,TIMEINRACE) values ('12','SCUDERIA MARAIS','MARAIS',to_date('01/01/20','DD/MM/RR'),'0','+00 00:00:00.000000');


/*
*   TABLE CIRCUIT
*/

Insert into BS708164LM20.CIRCUIT (IDCIRCUIT,NAME,COUNTRY,MILEAGE) values ('1','SILVERSTONE','UNITED KINGDOM','5,891');
Insert into BS708164LM20.CIRCUIT (IDCIRCUIT,NAME,COUNTRY,MILEAGE) values ('2','HOCKENHEIMRING','GERMANY','4,574');
Insert into BS708164LM20.CIRCUIT (IDCIRCUIT,NAME,COUNTRY,MILEAGE) values ('3','HUNGARORING','HUNGARY','4,381');
Insert into BS708164LM20.CIRCUIT (IDCIRCUIT,NAME,COUNTRY,MILEAGE) values ('4','SPA-FRANCORCHAMPS','BELGIUM','7,004');
Insert into BS708164LM20.CIRCUIT (IDCIRCUIT,NAME,COUNTRY,MILEAGE) values ('5','AUTODROMO NAZIONALE MONZA','ITALY','5,793');
Insert into BS708164LM20.CIRCUIT (IDCIRCUIT,NAME,COUNTRY,MILEAGE) values ('6','MARINA BAY STREET','SINGAPORE','5,063');
Insert into BS708164LM20.CIRCUIT (IDCIRCUIT,NAME,COUNTRY,MILEAGE) values ('7','SOCHI AUTODROM','RUSSIAN','5,848');

/*
*   TABLE RACE
*/

Insert into BS708164LM20.RACE (IDRACE,LOOPRACE,DATESTARTRACE,DATEENDRACE,MILEAGE,IDCIRCUIT) values ('2','67',to_date('26/07/19','DD/MM/RR'),to_date('28/07/19','DD/MM/RR'),'306,458','2');
Insert into BS708164LM20.RACE (IDRACE,LOOPRACE,DATESTARTRACE,DATEENDRACE,MILEAGE,IDCIRCUIT) values ('3','70',to_date('02/08/19','DD/MM/RR'),to_date('04/08/19','DD/MM/RR'),'306,67','3');
Insert into BS708164LM20.RACE (IDRACE,LOOPRACE,DATESTARTRACE,DATEENDRACE,MILEAGE,IDCIRCUIT) values ('1','52',to_date('12/07/19','DD/MM/RR'),to_date('14/07/19','DD/MM/RR'),'306,332','1');
Insert into BS708164LM20.RACE (IDRACE,LOOPRACE,DATESTARTRACE,DATEENDRACE,MILEAGE,IDCIRCUIT) values ('4','44',to_date('30/08/19','DD/MM/RR'),to_date('01/09/19','DD/MM/RR'),'308,176','4');
Insert into BS708164LM20.RACE (IDRACE,LOOPRACE,DATESTARTRACE,DATEENDRACE,MILEAGE,IDCIRCUIT) values ('5','53',to_date('06/09/19','DD/MM/RR'),to_date('08/09/19','DD/MM/RR'),'307,029','5');
Insert into BS708164LM20.RACE (IDRACE,LOOPRACE,DATESTARTRACE,DATEENDRACE,MILEAGE,IDCIRCUIT) values ('6','61',to_date('20/09/19','DD/MM/RR'),to_date('22/09/19','DD/MM/RR'),'308,843','6');
Insert into BS708164LM20.RACE (IDRACE,LOOPRACE,DATESTARTRACE,DATEENDRACE,MILEAGE,IDCIRCUIT) values ('7','53',to_date('27/09/19','DD/MM/RR'),to_date('29/09/19','DD/MM/RR'),'309,944','7');



/*
*   TABLE CAR RACING STABLE
*/


Insert into BS708164LM20.CARSRACINGSTABLE (IDCAR,NAME,STATE,IDRACINGSTABLE) values ('1','MERCEDES-AMG F1 W10','AVAILABLE','1');
Insert into BS708164LM20.CARSRACINGSTABLE (IDCAR,NAME,STATE,IDRACINGSTABLE) values ('2','MERCEDES-AMG F1 W10','AVAILABLE','1');
Insert into BS708164LM20.CARSRACINGSTABLE (IDCAR,NAME,STATE,IDRACINGSTABLE) values ('3','FERRARI SF90','AVAILABLE','2');
Insert into BS708164LM20.CARSRACINGSTABLE (IDCAR,NAME,STATE,IDRACINGSTABLE) values ('4','FERRARI SF90','AVAILABLE','2');
Insert into BS708164LM20.CARSRACINGSTABLE (IDCAR,NAME,STATE,IDRACINGSTABLE) values ('5','RED BULL RB15','AVAILABLE','3');
Insert into BS708164LM20.CARSRACINGSTABLE (IDCAR,NAME,STATE,IDRACINGSTABLE) values ('6','RED BULL RB15','AVAILABLE','3');
Insert into BS708164LM20.CARSRACINGSTABLE (IDCAR,NAME,STATE,IDRACINGSTABLE) values ('7','RENAULT R.S.19','AVAILABLE','5');
Insert into BS708164LM20.CARSRACINGSTABLE (IDCAR,NAME,STATE,IDRACINGSTABLE) values ('8','RENAULT R.S.19','AVAILABLE','5');
Insert into BS708164LM20.CARSRACINGSTABLE (IDCAR,NAME,STATE,IDRACINGSTABLE) values ('9','MCLAREN MCL34','AVAILABLE','4');
Insert into BS708164LM20.CARSRACINGSTABLE (IDCAR,NAME,STATE,IDRACINGSTABLE) values ('10','MCLAREN MCL34','AVAILABLE','4');
Insert into BS708164LM20.CARSRACINGSTABLE (IDCAR,NAME,STATE,IDRACINGSTABLE) values ('11','TORO ROSSO STR14','AVAILABLE','6');
Insert into BS708164LM20.CARSRACINGSTABLE (IDCAR,NAME,STATE,IDRACINGSTABLE) values ('12','TORO ROSSO STR14','AVAILABLE','6');
Insert into BS708164LM20.CARSRACINGSTABLE (IDCAR,NAME,STATE,IDRACINGSTABLE) values ('13','RACING POINT RP19','AVAILABLE','7');
Insert into BS708164LM20.CARSRACINGSTABLE (IDCAR,NAME,STATE,IDRACINGSTABLE) values ('14','RACING POINT RP19','AVAILABLE','7');
Insert into BS708164LM20.CARSRACINGSTABLE (IDCAR,NAME,STATE,IDRACINGSTABLE) values ('15','ALFA ROMEO C38','AVAILABLE','8');
Insert into BS708164LM20.CARSRACINGSTABLE (IDCAR,NAME,STATE,IDRACINGSTABLE) values ('16','ALFA ROMEO C38','AVAILABLE','8');
Insert into BS708164LM20.CARSRACINGSTABLE (IDCAR,NAME,STATE,IDRACINGSTABLE) values ('17','HAAS VF-19','AVAILABLE','9');
Insert into BS708164LM20.CARSRACINGSTABLE (IDCAR,NAME,STATE,IDRACINGSTABLE) values ('18','HAAS VF-19','AVAILABLE','9');
Insert into BS708164LM20.CARSRACINGSTABLE (IDCAR,NAME,STATE,IDRACINGSTABLE) values ('19','WILLIAMS FW42','AVAILABLE','10');
Insert into BS708164LM20.CARSRACINGSTABLE (IDCAR,NAME,STATE,IDRACINGSTABLE) values ('20','WILLIAMS FW42','AVAILABLE','10');
Insert into BS708164LM20.CARSRACINGSTABLE (IDCAR,NAME,STATE,IDRACINGSTABLE) values ('21','MIAGE TURBO BOOST','AVAILABLE','11');
Insert into BS708164LM20.CARSRACINGSTABLE (IDCAR,NAME,STATE,IDRACINGSTABLE) values ('22','MIAGE TURBO BOOST','CRASHED','11');
Insert into BS708164LM20.CARSRACINGSTABLE (IDCAR,NAME,STATE,IDRACINGSTABLE) values ('23','MARAIS QUATRELLE','MAINTENANCE','12');
Insert into BS708164LM20.CARSRACINGSTABLE (IDCAR,NAME,STATE,IDRACINGSTABLE) values ('24','MARAIS QUATRELLE','CRASHED','12');


/*
*   TABLE RACING STABLE PILOTE
*/

Insert into BS708164LM20.RACINGSTABLEPILOTE (IDRACINGSTABLEPILOTE,DATEHAVEJOIN,IDRACINGSTABLE,IDPILOTE) values ('1',to_date('14/03/13','DD/MM/RR'),'1','1');
Insert into BS708164LM20.RACINGSTABLEPILOTE (IDRACINGSTABLEPILOTE,DATEHAVEJOIN,IDRACINGSTABLE,IDPILOTE) values ('2',to_date('13/02/17','DD/MM/RR'),'1','2');
Insert into BS708164LM20.RACINGSTABLEPILOTE (IDRACINGSTABLEPILOTE,DATEHAVEJOIN,IDRACINGSTABLE,IDPILOTE) values ('3',to_date('19/01/17','DD/MM/RR'),'3','3');
Insert into BS708164LM20.RACINGSTABLEPILOTE (IDRACINGSTABLEPILOTE,DATEHAVEJOIN,IDRACINGSTABLE,IDPILOTE) values ('4',to_date('15/08/19','DD/MM/RR'),'3','8');
Insert into BS708164LM20.RACINGSTABLEPILOTE (IDRACINGSTABLEPILOTE,DATEHAVEJOIN,IDRACINGSTABLE,IDPILOTE) values ('5',to_date('12/03/19','DD/MM/RR'),'2','4');
Insert into BS708164LM20.RACINGSTABLEPILOTE (IDRACINGSTABLEPILOTE,DATEHAVEJOIN,IDRACINGSTABLE,IDPILOTE) values ('6',to_date('25/02/15','DD/MM/RR'),'2','5');
Insert into BS708164LM20.RACINGSTABLEPILOTE (IDRACINGSTABLEPILOTE,DATEHAVEJOIN,IDRACINGSTABLE,IDPILOTE) values ('7',to_date('03/01/19','DD/MM/RR'),'4','6');
Insert into BS708164LM20.RACINGSTABLEPILOTE (IDRACINGSTABLEPILOTE,DATEHAVEJOIN,IDRACINGSTABLE,IDPILOTE) values ('8',to_date('06/03/19','DD/MM/RR'),'4','11');
Insert into BS708164LM20.RACINGSTABLEPILOTE (IDRACINGSTABLEPILOTE,DATEHAVEJOIN,IDRACINGSTABLE,IDPILOTE) values ('9',to_date('15/08/19','DD/MM/RR'),'6','7');
Insert into BS708164LM20.RACINGSTABLEPILOTE (IDRACINGSTABLEPILOTE,DATEHAVEJOIN,IDRACINGSTABLE,IDPILOTE) values ('10',to_date('02/03/16','DD/MM/RR'),'6','13');
Insert into BS708164LM20.RACINGSTABLEPILOTE (IDRACINGSTABLEPILOTE,DATEHAVEJOIN,IDRACINGSTABLE,IDPILOTE) values ('11',to_date('22/01/19','DD/MM/RR'),'5','9');
Insert into BS708164LM20.RACINGSTABLEPILOTE (IDRACINGSTABLEPILOTE,DATEHAVEJOIN,IDRACINGSTABLE,IDPILOTE) values ('12',to_date('05/02/19','DD/MM/RR'),'5','14');
Insert into BS708164LM20.RACINGSTABLEPILOTE (IDRACINGSTABLEPILOTE,DATEHAVEJOIN,IDRACINGSTABLE,IDPILOTE) values ('13',to_date('10/03/14','DD/MM/RR'),'7','10');
Insert into BS708164LM20.RACINGSTABLEPILOTE (IDRACINGSTABLEPILOTE,DATEHAVEJOIN,IDRACINGSTABLE,IDPILOTE) values ('14',to_date('11/02/19','DD/MM/RR'),'7','15');
Insert into BS708164LM20.RACINGSTABLEPILOTE (IDRACINGSTABLEPILOTE,DATEHAVEJOIN,IDRACINGSTABLE,IDPILOTE) values ('15',to_date('16/01/19','DD/MM/RR'),'8','12');
Insert into BS708164LM20.RACINGSTABLEPILOTE (IDRACINGSTABLEPILOTE,DATEHAVEJOIN,IDRACINGSTABLE,IDPILOTE) values ('16',to_date('12/03/19','DD/MM/RR'),'8','17');
Insert into BS708164LM20.RACINGSTABLEPILOTE (IDRACINGSTABLEPILOTE,DATEHAVEJOIN,IDRACINGSTABLE,IDPILOTE) values ('17',to_date('21/02/17','DD/MM/RR'),'9','18');
Insert into BS708164LM20.RACINGSTABLEPILOTE (IDRACINGSTABLEPILOTE,DATEHAVEJOIN,IDRACINGSTABLE,IDPILOTE) values ('18',to_date('09/03/16','DD/MM/RR'),'9','16');
Insert into BS708164LM20.RACINGSTABLEPILOTE (IDRACINGSTABLEPILOTE,DATEHAVEJOIN,IDRACINGSTABLE,IDPILOTE) values ('19',to_date('21/02/19','DD/MM/RR'),'10','19');
Insert into BS708164LM20.RACINGSTABLEPILOTE (IDRACINGSTABLEPILOTE,DATEHAVEJOIN,IDRACINGSTABLE,IDPILOTE) values ('20',to_date('30/01/19','DD/MM/RR'),'10','20');
Insert into BS708164LM20.RACINGSTABLEPILOTE (IDRACINGSTABLEPILOTE,DATEHAVEJOIN,IDRACINGSTABLE,IDPILOTE) values ('21',to_date('08/04/20','DD/MM/RR'),'11','21');
Insert into BS708164LM20.RACINGSTABLEPILOTE (IDRACINGSTABLEPILOTE,DATEHAVEJOIN,IDRACINGSTABLE,IDPILOTE) values ('22',to_date('04/02/20','DD/MM/RR'),'11','22');
Insert into BS708164LM20.RACINGSTABLEPILOTE (IDRACINGSTABLEPILOTE,DATEHAVEJOIN,IDRACINGSTABLE,IDPILOTE) values ('23',to_date('03/03/20','DD/MM/RR'),'12','23');


/*
*   TABLE CAR RACING STABLE PILOTE
*/

Insert into BS708164LM20.CARRACINGSTABLEPILOTE (IDCARRACINGSTABLEPILOTE,IDCAR,IDRACINGSTABLEPILOTE) values ('1','1','1');
Insert into BS708164LM20.CARRACINGSTABLEPILOTE (IDCARRACINGSTABLEPILOTE,IDCAR,IDRACINGSTABLEPILOTE) values ('2','2','2');
Insert into BS708164LM20.CARRACINGSTABLEPILOTE (IDCARRACINGSTABLEPILOTE,IDCAR,IDRACINGSTABLEPILOTE) values ('3','3','5');
Insert into BS708164LM20.CARRACINGSTABLEPILOTE (IDCARRACINGSTABLEPILOTE,IDCAR,IDRACINGSTABLEPILOTE) values ('4','4','6');
Insert into BS708164LM20.CARRACINGSTABLEPILOTE (IDCARRACINGSTABLEPILOTE,IDCAR,IDRACINGSTABLEPILOTE) values ('5','5','4');
Insert into BS708164LM20.CARRACINGSTABLEPILOTE (IDCARRACINGSTABLEPILOTE,IDCAR,IDRACINGSTABLEPILOTE) values ('6','6','3');
Insert into BS708164LM20.CARRACINGSTABLEPILOTE (IDCARRACINGSTABLEPILOTE,IDCAR,IDRACINGSTABLEPILOTE) values ('7','7','11');
Insert into BS708164LM20.CARRACINGSTABLEPILOTE (IDCARRACINGSTABLEPILOTE,IDCAR,IDRACINGSTABLEPILOTE) values ('8','8','12');
Insert into BS708164LM20.CARRACINGSTABLEPILOTE (IDCARRACINGSTABLEPILOTE,IDCAR,IDRACINGSTABLEPILOTE) values ('9','9','8');
Insert into BS708164LM20.CARRACINGSTABLEPILOTE (IDCARRACINGSTABLEPILOTE,IDCAR,IDRACINGSTABLEPILOTE) values ('10','10','7');
Insert into BS708164LM20.CARRACINGSTABLEPILOTE (IDCARRACINGSTABLEPILOTE,IDCAR,IDRACINGSTABLEPILOTE) values ('11','11','9');
Insert into BS708164LM20.CARRACINGSTABLEPILOTE (IDCARRACINGSTABLEPILOTE,IDCAR,IDRACINGSTABLEPILOTE) values ('12','12','10');
Insert into BS708164LM20.CARRACINGSTABLEPILOTE (IDCARRACINGSTABLEPILOTE,IDCAR,IDRACINGSTABLEPILOTE) values ('13','13','13');
Insert into BS708164LM20.CARRACINGSTABLEPILOTE (IDCARRACINGSTABLEPILOTE,IDCAR,IDRACINGSTABLEPILOTE) values ('14','14','14');
Insert into BS708164LM20.CARRACINGSTABLEPILOTE (IDCARRACINGSTABLEPILOTE,IDCAR,IDRACINGSTABLEPILOTE) values ('15','15','16');
Insert into BS708164LM20.CARRACINGSTABLEPILOTE (IDCARRACINGSTABLEPILOTE,IDCAR,IDRACINGSTABLEPILOTE) values ('16','16','15');
Insert into BS708164LM20.CARRACINGSTABLEPILOTE (IDCARRACINGSTABLEPILOTE,IDCAR,IDRACINGSTABLEPILOTE) values ('17','17','17');
Insert into BS708164LM20.CARRACINGSTABLEPILOTE (IDCARRACINGSTABLEPILOTE,IDCAR,IDRACINGSTABLEPILOTE) values ('18','18','18');
Insert into BS708164LM20.CARRACINGSTABLEPILOTE (IDCARRACINGSTABLEPILOTE,IDCAR,IDRACINGSTABLEPILOTE) values ('19','19','19');
Insert into BS708164LM20.CARRACINGSTABLEPILOTE (IDCARRACINGSTABLEPILOTE,IDCAR,IDRACINGSTABLEPILOTE) values ('20','20','20');
Insert into BS708164LM20.CARRACINGSTABLEPILOTE (IDCARRACINGSTABLEPILOTE,IDCAR,IDRACINGSTABLEPILOTE) values ('21','22','21');



/*
*   TABLE RACING STABLE PILOTE HISTORY
*/

Insert into BS708164LM20.RACINGSTABLEPILOTEHISTORY (IDRACINGSTABLEPILOTEHISTORY,HADJOINED,HADLEFT,IDRACINGSTABLE,IDPILOTE) values ('1',to_date('06/02/19','DD/MM/RR'),to_date('14/08/19','DD/MM/RR'),'3','7');
Insert into BS708164LM20.RACINGSTABLEPILOTEHISTORY (IDRACINGSTABLEPILOTEHISTORY,HADJOINED,HADLEFT,IDRACINGSTABLE,IDPILOTE) values ('4',to_date('06/02/19','DD/MM/RR'),to_date('14/08/19','DD/MM/RR'),'6','8');


/*
*   TABLE RACE PARTICIPANT
*/

Insert into BS708164LM20.RACEPARTICIPANT (IDRACEPARTICIPANT,POSITIONRACE,DIFLOOP,IDRACE,IDPILOTE,IDRACINGSTABLE,BESTTIMEQ1,BESTTIMEQ2,BESTTIMEQ3,RESULTTIMERACE) values ('9','9','0','1','13','6','+00 00:01:26.721000','+00 00:00:00.000000','+00 00:00:00.000000','+00 01:22:15.572000');
Insert into BS708164LM20.RACEPARTICIPANT (IDRACEPARTICIPANT,POSITIONRACE,DIFLOOP,IDRACE,IDPILOTE,IDRACINGSTABLE,BESTTIMEQ1,BESTTIMEQ2,BESTTIMEQ3,RESULTTIMERACE) values ('20','20','45','1','16','9','+00 00:01:26.662000','+00 00:00:00.000000','+00 00:00:00.000000','+00 00:00:00.000000');
Insert into BS708164LM20.RACEPARTICIPANT (IDRACEPARTICIPANT,POSITIONRACE,DIFLOOP,IDRACE,IDPILOTE,IDRACINGSTABLE,BESTTIMEQ1,BESTTIMEQ2,BESTTIMEQ3,RESULTTIMERACE) values ('7','7','0','1','9','5','+00 00:01:26.428000','+00 00:01:26.283000','+00 00:01:26.182000','+00 01:22:02.853000');
Insert into BS708164LM20.RACEPARTICIPANT (IDRACEPARTICIPANT,POSITIONRACE,DIFLOOP,IDRACE,IDPILOTE,IDRACINGSTABLE,BESTTIMEQ1,BESTTIMEQ2,BESTTIMEQ3,RESULTTIMERACE) values ('6','6','0','1','6','4','+00 00:01:26.203000','+00 00:01:26.578000','+00 00:00:00.000000','+00 01:22:02.091000');
Insert into BS708164LM20.RACEPARTICIPANT (IDRACEPARTICIPANT,POSITIONRACE,DIFLOOP,IDRACE,IDPILOTE,IDRACINGSTABLE,BESTTIMEQ1,BESTTIMEQ2,BESTTIMEQ3,RESULTTIMERACE) values ('5','5','0','1','3','3','+00 00:01:25.700000','+00 00:01:25.848000','+00 00:01:25.276000','+00 01:21:47.910000');
Insert into BS708164LM20.RACEPARTICIPANT (IDRACEPARTICIPANT,POSITIONRACE,DIFLOOP,IDRACE,IDPILOTE,IDRACINGSTABLE,BESTTIMEQ1,BESTTIMEQ2,BESTTIMEQ3,RESULTTIMERACE) values ('4','4','0','1','7','3','+00 00:01:26.273000','+00 00:01:26.038000','+00 00:01:25.590000','+00 01:21:43.144000');
Insert into BS708164LM20.RACEPARTICIPANT (IDRACEPARTICIPANT,POSITIONRACE,DIFLOOP,IDRACE,IDPILOTE,IDRACINGSTABLE,BESTTIMEQ1,BESTTIMEQ2,BESTTIMEQ3,RESULTTIMERACE) values ('3','3','0','1','4','2','+00 00:01:25.533000','+00 00:01:25.546000','+00 00:01:25.172000','+00 01:21:38.569000');
Insert into BS708164LM20.RACEPARTICIPANT (IDRACEPARTICIPANT,POSITIONRACE,DIFLOOP,IDRACE,IDPILOTE,IDRACINGSTABLE,BESTTIMEQ1,BESTTIMEQ2,BESTTIMEQ3,RESULTTIMERACE) values ('2','2','0','1','2','1','+00 00:01:25.750000','+00 00:01:25.672000','+00 00:01:25.099000','+00 01:21:33.380000');
Insert into BS708164LM20.RACEPARTICIPANT (IDRACEPARTICIPANT,POSITIONRACE,DIFLOOP,IDRACE,IDPILOTE,IDRACINGSTABLE,BESTTIMEQ1,BESTTIMEQ2,BESTTIMEQ3,RESULTTIMERACE) values ('1','1','0','1','1','1','+00 00:01:25.513000','+00 00:01:25.840000','+00 00:01:25.093000','+00 01:21:08.452000');
Insert into BS708164LM20.RACEPARTICIPANT (IDRACEPARTICIPANT,POSITIONRACE,DIFLOOP,IDRACE,IDPILOTE,IDRACINGSTABLE,BESTTIMEQ1,BESTTIMEQ2,BESTTIMEQ3,RESULTTIMERACE) values ('10','10','0','1','14','5','+00 00:01:26.568000','+00 00:01:26.397000','+00 00:01:26.386000','+00 01:22:21.185000');
Insert into BS708164LM20.RACEPARTICIPANT (IDRACEPARTICIPANT,POSITIONRACE,DIFLOOP,IDRACE,IDPILOTE,IDRACINGSTABLE,BESTTIMEQ1,BESTTIMEQ2,BESTTIMEQ3,RESULTTIMERACE) values ('11','11','0','1','11','4','+00 00:01:26.079000','+00 00:01:26.385000','+00 00:01:26.224000','+00 01:22:22.733000');
Insert into BS708164LM20.RACEPARTICIPANT (IDRACEPARTICIPANT,POSITIONRACE,DIFLOOP,IDRACE,IDPILOTE,IDRACINGSTABLE,BESTTIMEQ1,BESTTIMEQ2,BESTTIMEQ3,RESULTTIMERACE) values ('12','12','0','1','8','6','+00 00:01:26.482000','+00 00:01:26.403000','+00 00:01:26.345000','+00 01:22:24.069000');
Insert into BS708164LM20.RACEPARTICIPANT (IDRACEPARTICIPANT,POSITIONRACE,DIFLOOP,IDRACE,IDPILOTE,IDRACINGSTABLE,BESTTIMEQ1,BESTTIMEQ2,BESTTIMEQ3,RESULTTIMERACE) values ('13','13','0','1','15','7','+00 00:01:26.762000','+00 00:00:00.000000','+00 00:00:00.000000','+00 01:22:29.538000');
Insert into BS708164LM20.RACEPARTICIPANT (IDRACEPARTICIPANT,POSITIONRACE,DIFLOOP,IDRACE,IDPILOTE,IDRACINGSTABLE,BESTTIMEQ1,BESTTIMEQ2,BESTTIMEQ3,RESULTTIMERACE) values ('14','14','1','1','20','10','+00 00:01:27.789000','+00 00:00:00.000000','+00 00:00:00.000000','+00 01:21:23.858000');
Insert into BS708164LM20.RACEPARTICIPANT (IDRACEPARTICIPANT,POSITIONRACE,DIFLOOP,IDRACE,IDPILOTE,IDRACINGSTABLE,BESTTIMEQ1,BESTTIMEQ2,BESTTIMEQ3,RESULTTIMERACE) values ('15','15','1','1','19','10','+00 00:01:28.257000','+00 00:00:00.000000','+00 00:00:00.000000','+00 01:21:34.638000');
Insert into BS708164LM20.RACEPARTICIPANT (IDRACEPARTICIPANT,POSITIONRACE,DIFLOOP,IDRACE,IDPILOTE,IDRACINGSTABLE,BESTTIMEQ1,BESTTIMEQ2,BESTTIMEQ3,RESULTTIMERACE) values ('16','16','1','1','5','2','+00 00:01:25.898000','+00 00:01:26.023000','+00 00:01:25.787000','+00 01:21:34.913000');
Insert into BS708164LM20.RACEPARTICIPANT (IDRACEPARTICIPANT,POSITIONRACE,DIFLOOP,IDRACE,IDPILOTE,IDRACINGSTABLE,BESTTIMEQ1,BESTTIMEQ2,BESTTIMEQ3,RESULTTIMERACE) values ('17','17','1','1','10','7','+00 00:01:26.649000','+00 00:01:26.928000','+00 00:00:00.000000','+00 01:21:44.775000');
Insert into BS708164LM20.RACEPARTICIPANT (IDRACEPARTICIPANT,POSITIONRACE,DIFLOOP,IDRACE,IDPILOTE,IDRACINGSTABLE,BESTTIMEQ1,BESTTIMEQ2,BESTTIMEQ3,RESULTTIMERACE) values ('18','18','34','1','17','8','+00 00:01:26.449000','+00 00:01:26.519000','+00 00:00:00.000000','+00 00:00:00.000000');
Insert into BS708164LM20.RACEPARTICIPANT (IDRACEPARTICIPANT,POSITIONRACE,DIFLOOP,IDRACE,IDPILOTE,IDRACINGSTABLE,BESTTIMEQ1,BESTTIMEQ2,BESTTIMEQ3,RESULTTIMERACE) values ('19','19','43','1','18','9','+00 00:01:26.347000','+00 00:01:26.757000','+00 00:00:00.000000','+00 00:00:00.000000');
Insert into BS708164LM20.RACEPARTICIPANT (IDRACEPARTICIPANT,POSITIONRACE,DIFLOOP,IDRACE,IDPILOTE,IDRACINGSTABLE,BESTTIMEQ1,BESTTIMEQ2,BESTTIMEQ3,RESULTTIMERACE) values ('8','8','0','1','12','8','+00 00:01:26.558000','+00 00:01:26.546000','+00 00:00:00.000000','+00 01:22:13.992000');
Insert into BS708164LM20.RACEPARTICIPANT (IDRACEPARTICIPANT,POSITIONRACE,DIFLOOP,IDRACE,IDPILOTE,IDRACINGSTABLE,BESTTIMEQ1,BESTTIMEQ2,BESTTIMEQ3,RESULTTIMERACE) values ('35','9','0','2','1','1','+00 00:01:12.852000','+00 00:01:12.149000','+00 00:01:11.767000','+00 01:44:50.942000');
Insert into BS708164LM20.RACEPARTICIPANT (IDRACEPARTICIPANT,POSITIONRACE,DIFLOOP,IDRACE,IDPILOTE,IDRACINGSTABLE,BESTTIMEQ1,BESTTIMEQ2,BESTTIMEQ3,RESULTTIMERACE) values ('34','8','0','2','16','9','+00 00:01:13.103000','+00 00:01:12.789000','+00 00:00:00.000000','+00 01:44:50.040000');
Insert into BS708164LM20.RACEPARTICIPANT (IDRACEPARTICIPANT,POSITIONRACE,DIFLOOP,IDRACE,IDPILOTE,IDRACINGSTABLE,BESTTIMEQ1,BESTTIMEQ2,BESTTIMEQ3,RESULTTIMERACE) values ('33','7','0','2','18','9','+00 00:01:13.146000','+00 00:01:12.769000','+00 00:01:12.851000','+00 01:44:48.113000');
Insert into BS708164LM20.RACEPARTICIPANT (IDRACEPARTICIPANT,POSITIONRACE,DIFLOOP,IDRACE,IDPILOTE,IDRACINGSTABLE,BESTTIMEQ1,BESTTIMEQ2,BESTTIMEQ3,RESULTTIMERACE) values ('32','6','0','2','8','6','+00 00:01:13.461000','+00 00:00:00.000000','+00 00:00:00.000000','+00 01:44:41.327000');
Insert into BS708164LM20.RACEPARTICIPANT (IDRACEPARTICIPANT,POSITIONRACE,DIFLOOP,IDRACE,IDPILOTE,IDRACINGSTABLE,BESTTIMEQ1,BESTTIMEQ2,BESTTIMEQ3,RESULTTIMERACE) values ('31','5','0','2','6','4','+00 00:01:13.221000','+00 00:01:12.632000','+00 00:01:12.897000','+00 01:44:40.858000');
Insert into BS708164LM20.RACEPARTICIPANT (IDRACEPARTICIPANT,POSITIONRACE,DIFLOOP,IDRACE,IDPILOTE,IDRACINGSTABLE,BESTTIMEQ1,BESTTIMEQ2,BESTTIMEQ3,RESULTTIMERACE) values ('30','4','0','2','15','7','+00 00:01:13.256000','+00 00:00:00.000000','+00 00:00:00.000000','+00 01:44:40.241000');
Insert into BS708164LM20.RACEPARTICIPANT (IDRACEPARTICIPANT,POSITIONRACE,DIFLOOP,IDRACE,IDPILOTE,IDRACINGSTABLE,BESTTIMEQ1,BESTTIMEQ2,BESTTIMEQ3,RESULTTIMERACE) values ('29','3','0','2','13','6','+00 00:01:13.278000','+00 00:01:13.135000','+00 00:00:00.000000','+00 01:44:39.580000');
Insert into BS708164LM20.RACEPARTICIPANT (IDRACEPARTICIPANT,POSITIONRACE,DIFLOOP,IDRACE,IDPILOTE,IDRACINGSTABLE,BESTTIMEQ1,BESTTIMEQ2,BESTTIMEQ3,RESULTTIMERACE) values ('28','2','0','2','5','2','+00 00:00:00.000000','+00 00:00:00.000000','+00 00:00:00.000000','+00 01:44:38.608000');
Insert into BS708164LM20.RACEPARTICIPANT (IDRACEPARTICIPANT,POSITIONRACE,DIFLOOP,IDRACE,IDPILOTE,IDRACINGSTABLE,BESTTIMEQ1,BESTTIMEQ2,BESTTIMEQ3,RESULTTIMERACE) values ('27','1','0','2','3','3','+00 00:01:12.593000','+00 00:01:12.427000','+00 00:01:12.113000','+00 01:44:31.275000');
Insert into BS708164LM20.RACEPARTICIPANT (IDRACEPARTICIPANT,POSITIONRACE,DIFLOOP,IDRACE,IDPILOTE,IDRACINGSTABLE,BESTTIMEQ1,BESTTIMEQ2,BESTTIMEQ3,RESULTTIMERACE) values ('36','10','0','2','19','10','+00 00:01:14.839000','+00 00:00:00.000000','+00 00:00:00.000000','+00 01:44:56.262000');
Insert into BS708164LM20.RACEPARTICIPANT (IDRACEPARTICIPANT,POSITIONRACE,DIFLOOP,IDRACE,IDPILOTE,IDRACINGSTABLE,BESTTIMEQ1,BESTTIMEQ2,BESTTIMEQ3,RESULTTIMERACE) values ('46','20','63','2','10','7','+00 00:01:13.194000','+00 00:01:12.776000','+00 00:01:13.065000','+00 00:00:00.000000');
Insert into BS708164LM20.RACEPARTICIPANT (IDRACEPARTICIPANT,POSITIONRACE,DIFLOOP,IDRACE,IDPILOTE,IDRACINGSTABLE,BESTTIMEQ1,BESTTIMEQ2,BESTTIMEQ3,RESULTTIMERACE) values ('45','19','51','2','9','5','+00 00:01:13.131000','+00 00:01:12.799000','+00 00:00:00.000000','+00 00:00:00.000000');
Insert into BS708164LM20.RACEPARTICIPANT (IDRACEPARTICIPANT,POSITIONRACE,DIFLOOP,IDRACE,IDPILOTE,IDRACINGSTABLE,BESTTIMEQ1,BESTTIMEQ2,BESTTIMEQ3,RESULTTIMERACE) values ('44','18','39','2','11','4','+00 00:01:13.333000','+00 00:00:00.000000','+00 00:00:00.000000','+00 00:00:00.000000');
Insert into BS708164LM20.RACEPARTICIPANT (IDRACEPARTICIPANT,POSITIONRACE,DIFLOOP,IDRACE,IDPILOTE,IDRACINGSTABLE,BESTTIMEQ1,BESTTIMEQ2,BESTTIMEQ3,RESULTTIMERACE) values ('43','17','37','2','4','2','+00 00:01:12.229000','+00 00:01:12.344000','+00 00:00:00.000000','+00 00:00:00.000000');
Insert into BS708164LM20.RACEPARTICIPANT (IDRACEPARTICIPANT,POSITIONRACE,DIFLOOP,IDRACE,IDPILOTE,IDRACINGSTABLE,BESTTIMEQ1,BESTTIMEQ2,BESTTIMEQ3,RESULTTIMERACE) values ('42','16','25','2','14','5','+00 00:01:13.186000','+00 00:01:12.766000','+00 00:01:13.126000','+00 00:00:00.000000');
Insert into BS708164LM20.RACEPARTICIPANT (IDRACEPARTICIPANT,POSITIONRACE,DIFLOOP,IDRACE,IDPILOTE,IDRACINGSTABLE,BESTTIMEQ1,BESTTIMEQ2,BESTTIMEQ3,RESULTTIMERACE) values ('41','15','8','2','2','1','+00 00:01:13.075000','+00 00:01:12.424000','+00 00:01:12.129000','+00 00:00:00.000000');
Insert into BS708164LM20.RACEPARTICIPANT (IDRACEPARTICIPANT,POSITIONRACE,DIFLOOP,IDRACE,IDPILOTE,IDRACINGSTABLE,BESTTIMEQ1,BESTTIMEQ2,BESTTIMEQ3,RESULTTIMERACE) values ('40','14','3','2','7','3','+00 00:01:12.991000','+00 00:01:12.385000','+00 00:01:12.522000','+00 00:00:00.000000');
Insert into BS708164LM20.RACEPARTICIPANT (IDRACEPARTICIPANT,POSITIONRACE,DIFLOOP,IDRACE,IDPILOTE,IDRACINGSTABLE,BESTTIMEQ1,BESTTIMEQ2,BESTTIMEQ3,RESULTTIMERACE) values ('39','13','0','2','17','8','+00 00:01:13.170000','+00 00:01:12.786000','+00 00:00:00.000000','+00 01:45:45.124000');
Insert into BS708164LM20.RACEPARTICIPANT (IDRACEPARTICIPANT,POSITIONRACE,DIFLOOP,IDRACE,IDPILOTE,IDRACINGSTABLE,BESTTIMEQ1,BESTTIMEQ2,BESTTIMEQ3,RESULTTIMERACE) values ('38','12','0','2','12','8','+00 00:01:13.066000','+00 00:01:12.519000','+00 00:01:12.538000','+00 01:45:43.489000');
Insert into BS708164LM20.RACEPARTICIPANT (IDRACEPARTICIPANT,POSITIONRACE,DIFLOOP,IDRACE,IDPILOTE,IDRACINGSTABLE,BESTTIMEQ1,BESTTIMEQ2,BESTTIMEQ3,RESULTTIMERACE) values ('37','11','0','2','20','10','+00 00:01:14.721000','+00 00:00:00.000000','+00 00:00:00.000000','+00 01:44:57.679000');
Insert into BS708164LM20.RACEPARTICIPANT (IDRACEPARTICIPANT,POSITIONRACE,DIFLOOP,IDRACE,IDPILOTE,IDRACINGSTABLE,BESTTIMEQ1,BESTTIMEQ2,BESTTIMEQ3,RESULTTIMERACE) values ('63','1','0','3','1','1','+00 00:01:16.068000','+00 00:01:15.548000','+00 00:01:14.769000','+00 01:35:03.796000');
Insert into BS708164LM20.RACEPARTICIPANT (IDRACEPARTICIPANT,POSITIONRACE,DIFLOOP,IDRACE,IDPILOTE,IDRACINGSTABLE,BESTTIMEQ1,BESTTIMEQ2,BESTTIMEQ3,RESULTTIMERACE) values ('82','20','21','3','18','9','+00 00:01:16.978000','+00 00:01:16.319000','+00 00:01:16.013000','+00 00:00:00.000000');
Insert into BS708164LM20.RACEPARTICIPANT (IDRACEPARTICIPANT,POSITIONRACE,DIFLOOP,IDRACE,IDPILOTE,IDRACINGSTABLE,BESTTIMEQ1,BESTTIMEQ2,BESTTIMEQ3,RESULTTIMERACE) values ('65','3','0','3','5','2','+00 00:01:16.452000','+00 00:01:15.885000','+00 00:01:15.071000','+00 01:36:05.229000');
Insert into BS708164LM20.RACEPARTICIPANT (IDRACEPARTICIPANT,POSITIONRACE,DIFLOOP,IDRACE,IDPILOTE,IDRACINGSTABLE,BESTTIMEQ1,BESTTIMEQ2,BESTTIMEQ3,RESULTTIMERACE) values ('66','4','0','3','4','2','+00 00:01:16.337000','+00 00:01:15.792000','+00 00:01:15.043000','+00 01:36:09.046000');
Insert into BS708164LM20.RACEPARTICIPANT (IDRACEPARTICIPANT,POSITIONRACE,DIFLOOP,IDRACE,IDPILOTE,IDRACINGSTABLE,BESTTIMEQ1,BESTTIMEQ2,BESTTIMEQ3,RESULTTIMERACE) values ('67','5','1','3','6','4','+00 00:01:16.493000','+00 00:01:16.308000','+00 00:01:15.852000','+00 01:35:31.121000');
Insert into BS708164LM20.RACEPARTICIPANT (IDRACEPARTICIPANT,POSITIONRACE,DIFLOOP,IDRACE,IDPILOTE,IDRACINGSTABLE,BESTTIMEQ1,BESTTIMEQ2,BESTTIMEQ3,RESULTTIMERACE) values ('68','6','1','3','7','3','+00 00:01:16.716000','+00 00:01:16.393000','+00 00:01:15.450000','+00 01:35:32.514000');
Insert into BS708164LM20.RACEPARTICIPANT (IDRACEPARTICIPANT,POSITIONRACE,DIFLOOP,IDRACE,IDPILOTE,IDRACINGSTABLE,BESTTIMEQ1,BESTTIMEQ2,BESTTIMEQ3,RESULTTIMERACE) values ('69','7','1','3','12','8','+00 00:01:16.506000','+00 00:01:16.518000','+00 00:01:16.041000','+00 01:35:35.188000');
Insert into BS708164LM20.RACEPARTICIPANT (IDRACEPARTICIPANT,POSITIONRACE,DIFLOOP,IDRACE,IDPILOTE,IDRACINGSTABLE,BESTTIMEQ1,BESTTIMEQ2,BESTTIMEQ3,RESULTTIMERACE) values ('70','8','1','3','2','1','+00 00:01:16.078000','+00 00:01:15.669000','+00 00:01:14.590000','+00 01:35:35.924000');
Insert into BS708164LM20.RACEPARTICIPANT (IDRACEPARTICIPANT,POSITIONRACE,DIFLOOP,IDRACE,IDPILOTE,IDRACINGSTABLE,BESTTIMEQ1,BESTTIMEQ2,BESTTIMEQ3,RESULTTIMERACE) values ('71','9','1','3','11','4','+00 00:01:16.697000','+00 00:01:16.060000','+00 00:01:15.800000','+00 01:35:41.187000');
Insert into BS708164LM20.RACEPARTICIPANT (IDRACEPARTICIPANT,POSITIONRACE,DIFLOOP,IDRACE,IDPILOTE,IDRACINGSTABLE,BESTTIMEQ1,BESTTIMEQ2,BESTTIMEQ3,RESULTTIMERACE) values ('81','19','3','3','19','10','+00 00:01:18.324000','+00 00:00:00.000000','+00 00:00:00.000000','+00 01:35:14.074000');
Insert into BS708164LM20.RACEPARTICIPANT (IDRACEPARTICIPANT,POSITIONRACE,DIFLOOP,IDRACE,IDPILOTE,IDRACINGSTABLE,BESTTIMEQ1,BESTTIMEQ2,BESTTIMEQ3,RESULTTIMERACE) values ('80','18','2','3','17','8','+00 00:01:16.894000','+00 00:01:16.804000','+00 00:00:00.000000','+00 01:36:16.660000');
Insert into BS708164LM20.RACEPARTICIPANT (IDRACEPARTICIPANT,POSITIONRACE,DIFLOOP,IDRACE,IDPILOTE,IDRACINGSTABLE,BESTTIMEQ1,BESTTIMEQ2,BESTTIMEQ3,RESULTTIMERACE) values ('79','17','2','3','15','7','+00 00:01:17.542000','+00 00:00:00.000000','+00 00:00:00.000000','+00 01:36:07.471000');
Insert into BS708164LM20.RACEPARTICIPANT (IDRACEPARTICIPANT,POSITIONRACE,DIFLOOP,IDRACE,IDPILOTE,IDRACINGSTABLE,BESTTIMEQ1,BESTTIMEQ2,BESTTIMEQ3,RESULTTIMERACE) values ('78','16','2','3','20','10','+00 00:01:17.031000','+00 00:00:00.000000','+00 00:00:00.000000','+00 01:36:03.701000');
Insert into BS708164LM20.RACEPARTICIPANT (IDRACEPARTICIPANT,POSITIONRACE,DIFLOOP,IDRACE,IDPILOTE,IDRACINGSTABLE,BESTTIMEQ1,BESTTIMEQ2,BESTTIMEQ3,RESULTTIMERACE) values ('77','15','2','3','13','6','+00 00:01:16.750000','+00 00:01:16.692000','+00 00:00:00.000000','+00 01:35:08.984000');
Insert into BS708164LM20.RACEPARTICIPANT (IDRACEPARTICIPANT,POSITIONRACE,DIFLOOP,IDRACE,IDPILOTE,IDRACINGSTABLE,BESTTIMEQ1,BESTTIMEQ2,BESTTIMEQ3,RESULTTIMERACE) values ('76','14','1','3','9','5','+00 00:01:17.257000','+00 00:00:00.000000','+00 00:00:00.000000','+00 01:36:22.993000');
Insert into BS708164LM20.RACEPARTICIPANT (IDRACEPARTICIPANT,POSITIONRACE,DIFLOOP,IDRACE,IDPILOTE,IDRACINGSTABLE,BESTTIMEQ1,BESTTIMEQ2,BESTTIMEQ3,RESULTTIMERACE) values ('75','13','1','3','16','9','+00 00:01:16.122000','+00 00:00:00.000000','+00 00:00:00.000000','+00 01:36:22.759000');
Insert into BS708164LM20.RACEPARTICIPANT (IDRACEPARTICIPANT,POSITIONRACE,DIFLOOP,IDRACE,IDPILOTE,IDRACINGSTABLE,BESTTIMEQ1,BESTTIMEQ2,BESTTIMEQ3,RESULTTIMERACE) values ('74','12','1','3','14','5','+00 00:01:16.790000','+00 00:01:16.565000','+00 00:00:00.000000','+00 01:36:22.002000');
Insert into BS708164LM20.RACEPARTICIPANT (IDRACEPARTICIPANT,POSITIONRACE,DIFLOOP,IDRACE,IDPILOTE,IDRACINGSTABLE,BESTTIMEQ1,BESTTIMEQ2,BESTTIMEQ3,RESULTTIMERACE) values ('73','11','1','3','10','7','+00 00:01:17.109000','+00 00:00:00.000000','+00 00:00:00.000000','+00 01:36:21.366000');
Insert into BS708164LM20.RACEPARTICIPANT (IDRACEPARTICIPANT,POSITIONRACE,DIFLOOP,IDRACE,IDPILOTE,IDRACINGSTABLE,BESTTIMEQ1,BESTTIMEQ2,BESTTIMEQ3,RESULTTIMERACE) values ('72','10','1','3','8','6','+00 00:01:16.912000','+00 00:01:16.687000','+00 00:00:00.000000','+00 01:36:10.323000');
Insert into BS708164LM20.RACEPARTICIPANT (IDRACEPARTICIPANT,POSITIONRACE,DIFLOOP,IDRACE,IDPILOTE,IDRACINGSTABLE,BESTTIMEQ1,BESTTIMEQ2,BESTTIMEQ3,RESULTTIMERACE) values ('64','2','0','3','3','3','+00 00:01:15.817000','+00 00:01:15.573000','+00 00:01:14.572000','+00 01:35:21.592000');
Insert into BS708164LM20.RACEPARTICIPANT (IDRACEPARTICIPANT,POSITIONRACE,DIFLOOP,IDRACE,IDPILOTE,IDRACINGSTABLE,BESTTIMEQ1,BESTTIMEQ2,BESTTIMEQ3,RESULTTIMERACE) values ('47','1','0','4','4','2','+00 00:01:43.587000','+00 00:01:42.538000','+00 00:01:42.519000','+00 01:23:45.710000');
Insert into BS708164LM20.RACEPARTICIPANT (IDRACEPARTICIPANT,POSITIONRACE,DIFLOOP,IDRACE,IDPILOTE,IDRACINGSTABLE,BESTTIMEQ1,BESTTIMEQ2,BESTTIMEQ3,RESULTTIMERACE) values ('54','2','0','4','1','1','+00 00:01:45.260000','+00 00:01:43.592000','+00 00:01:43.282000','+00 01:23:46.591000');
Insert into BS708164LM20.RACEPARTICIPANT (IDRACEPARTICIPANT,POSITIONRACE,DIFLOOP,IDRACE,IDPILOTE,IDRACINGSTABLE,BESTTIMEQ1,BESTTIMEQ2,BESTTIMEQ3,RESULTTIMERACE) values ('56','3','0','4','2','1','+00 00:01:45.141000','+00 00:01:43.980000','+00 00:01:43.415000','+00 01:23:58.295000');
Insert into BS708164LM20.RACEPARTICIPANT (IDRACEPARTICIPANT,POSITIONRACE,DIFLOOP,IDRACE,IDPILOTE,IDRACINGSTABLE,BESTTIMEQ1,BESTTIMEQ2,BESTTIMEQ3,RESULTTIMERACE) values ('58','4','0','4','5','2','+00 00:01:44.109000','+00 00:01:43.037000','+00 00:01:43.267000','+00 01:24:12.132000');
Insert into BS708164LM20.RACEPARTICIPANT (IDRACEPARTICIPANT,POSITIONRACE,DIFLOOP,IDRACE,IDPILOTE,IDRACINGSTABLE,BESTTIMEQ1,BESTTIMEQ2,BESTTIMEQ3,RESULTTIMERACE) values ('60','5','0','4','8','3','+00 00:01:45.528000','+00 00:01:45.799000','+00 00:00:00.000000','+00 01:25:07.035000');
Insert into BS708164LM20.RACEPARTICIPANT (IDRACEPARTICIPANT,POSITIONRACE,DIFLOOP,IDRACE,IDPILOTE,IDRACINGSTABLE,BESTTIMEQ1,BESTTIMEQ2,BESTTIMEQ3,RESULTTIMERACE) values ('83','6','0','4','10','7','+00 00:01:45.732000','+00 00:01:44.707000','+00 00:01:44.706000','+00 01:25:10.158000');
Insert into BS708164LM20.RACEPARTICIPANT (IDRACEPARTICIPANT,POSITIONRACE,DIFLOOP,IDRACE,IDPILOTE,IDRACINGSTABLE,BESTTIMEQ1,BESTTIMEQ2,BESTTIMEQ3,RESULTTIMERACE) values ('85','7','0','4','13','6','+00 00:01:46.518000','+00 00:00:00.000000','+00 00:00:00.000000','+00 01:25:15.367000');
Insert into BS708164LM20.RACEPARTICIPANT (IDRACEPARTICIPANT,POSITIONRACE,DIFLOOP,IDRACE,IDPILOTE,IDRACINGSTABLE,BESTTIMEQ1,BESTTIMEQ2,BESTTIMEQ3,RESULTTIMERACE) values ('88','8','0','4','14','5','+00 00:01:45.899000','+00 00:01:44.549000','+00 00:01:44.542000','+00 01:25:32.349000');
Insert into BS708164LM20.RACEPARTICIPANT (IDRACEPARTICIPANT,POSITIONRACE,DIFLOOP,IDRACE,IDPILOTE,IDRACINGSTABLE,BESTTIMEQ1,BESTTIMEQ2,BESTTIMEQ3,RESULTTIMERACE) values ('89','9','0','4','7','6','+00 00:01:46.435000','+00 00:00:00.000000','+00 00:00:00.000000','+00 01:25:34.878000');
Insert into BS708164LM20.RACEPARTICIPANT (IDRACEPARTICIPANT,POSITIONRACE,DIFLOOP,IDRACE,IDPILOTE,IDRACINGSTABLE,BESTTIMEQ1,BESTTIMEQ2,BESTTIMEQ3,RESULTTIMERACE) values ('91','10','0','4','15','7','+00 00:01:46.000000','+00 00:01:45.047000','+00 00:00:00.000000','+00 01:25:35.548000');
Insert into BS708164LM20.RACEPARTICIPANT (IDRACEPARTICIPANT,POSITIONRACE,DIFLOOP,IDRACE,IDPILOTE,IDRACINGSTABLE,BESTTIMEQ1,BESTTIMEQ2,BESTTIMEQ3,RESULTTIMERACE) values ('93','11','1','4','11','4','+00 00:01:46.154000','+00 00:01:44.847000','+00 00:00:00.000000','+00 01:23:00.748000');
Insert into BS708164LM20.RACEPARTICIPANT (IDRACEPARTICIPANT,POSITIONRACE,DIFLOOP,IDRACE,IDPILOTE,IDRACINGSTABLE,BESTTIMEQ1,BESTTIMEQ2,BESTTIMEQ3,RESULTTIMERACE) values ('96','12','1','4','16','9','+00 00:01:45.839000','+00 00:01:44.738000','+00 00:01:45.086000','+00 01:23:52.410000');
Insert into BS708164LM20.RACEPARTICIPANT (IDRACEPARTICIPANT,POSITIONRACE,DIFLOOP,IDRACE,IDPILOTE,IDRACINGSTABLE,BESTTIMEQ1,BESTTIMEQ2,BESTTIMEQ3,RESULTTIMERACE) values ('98','13','1','4','18','9','+00 00:01:45.594000','+00 00:01:44.797000','+00 00:00:00.000000','+00 01:23:59.388000');
Insert into BS708164LM20.RACEPARTICIPANT (IDRACEPARTICIPANT,POSITIONRACE,DIFLOOP,IDRACE,IDPILOTE,IDRACINGSTABLE,BESTTIMEQ1,BESTTIMEQ2,BESTTIMEQ3,RESULTTIMERACE) values ('100','14','1','4','9','5','+00 00:01:45.560000','+00 00:01:44.103000','+00 00:01:44.257000','+00 01:24:08.466000');
Insert into BS708164LM20.RACEPARTICIPANT (IDRACEPARTICIPANT,POSITIONRACE,DIFLOOP,IDRACE,IDPILOTE,IDRACINGSTABLE,BESTTIMEQ1,BESTTIMEQ2,BESTTIMEQ3,RESULTTIMERACE) values ('101','15','1','4','20','10','+00 00:01:47.548000','+00 00:00:00.000000','+00 00:00:00.000000','+00 01:24:17.253000');
Insert into BS708164LM20.RACEPARTICIPANT (IDRACEPARTICIPANT,POSITIONRACE,DIFLOOP,IDRACE,IDPILOTE,IDRACINGSTABLE,BESTTIMEQ1,BESTTIMEQ2,BESTTIMEQ3,RESULTTIMERACE) values ('102','16','1','4','12','8','+00 00:01:45.842000','+00 00:01:44.140000','+00 00:01:44.557000','+00 01:24:29.427000');
Insert into BS708164LM20.RACEPARTICIPANT (IDRACEPARTICIPANT,POSITIONRACE,DIFLOOP,IDRACE,IDPILOTE,IDRACINGSTABLE,BESTTIMEQ1,BESTTIMEQ2,BESTTIMEQ3,RESULTTIMERACE) values ('103','17','1','4','19','10','+00 00:00:00.000000','+00 00:00:00.000000','+00 00:00:00.000000','+00 01:24:33.961000');
Insert into BS708164LM20.RACEPARTICIPANT (IDRACEPARTICIPANT,POSITIONRACE,DIFLOOP,IDRACE,IDPILOTE,IDRACINGSTABLE,BESTTIMEQ1,BESTTIMEQ2,BESTTIMEQ3,RESULTTIMERACE) values ('104','18','2','4','17','8','+00 00:01:45.637000','+00 00:00:00.000000','+00 00:00:00.000000','+00 00:00:00.000000');
Insert into BS708164LM20.RACEPARTICIPANT (IDRACEPARTICIPANT,POSITIONRACE,DIFLOOP,IDRACE,IDPILOTE,IDRACINGSTABLE,BESTTIMEQ1,BESTTIMEQ2,BESTTIMEQ3,RESULTTIMERACE) values ('105','19','43','4','6','4','+00 00:01:46.507000','+00 00:00:00.000000','+00 00:00:00.000000','+00 00:00:00.000000');
Insert into BS708164LM20.RACEPARTICIPANT (IDRACEPARTICIPANT,POSITIONRACE,DIFLOOP,IDRACE,IDPILOTE,IDRACINGSTABLE,BESTTIMEQ1,BESTTIMEQ2,BESTTIMEQ3,RESULTTIMERACE) values ('106','20','44','4','3','3','+00 00:01:44.622000','+00 00:01:44.132000','+00 00:01:43.690000','+00 00:00:00.000000');
Insert into BS708164LM20.RACEPARTICIPANT (IDRACEPARTICIPANT,POSITIONRACE,DIFLOOP,IDRACE,IDPILOTE,IDRACINGSTABLE,BESTTIMEQ1,BESTTIMEQ2,BESTTIMEQ3,RESULTTIMERACE) values ('99','20','26','5','6','4','+00 00:01:20.413000','+00 00:01:20.202000','+00 00:01:20.455000','+00 00:00:00.000000');
Insert into BS708164LM20.RACEPARTICIPANT (IDRACEPARTICIPANT,POSITIONRACE,DIFLOOP,IDRACE,IDPILOTE,IDRACINGSTABLE,BESTTIMEQ1,BESTTIMEQ2,BESTTIMEQ3,RESULTTIMERACE) values ('48','1','0','5','4','2','+00 00:01:20.126000','+00 00:01:19.553000','+00 00:01:19.307000','+00 01:15:26.665000');
Insert into BS708164LM20.RACEPARTICIPANT (IDRACEPARTICIPANT,POSITIONRACE,DIFLOOP,IDRACE,IDPILOTE,IDRACINGSTABLE,BESTTIMEQ1,BESTTIMEQ2,BESTTIMEQ3,RESULTTIMERACE) values ('95','18','10','5','16','9','+00 00:01:20.616000','+00 00:01:20.615000','+00 00:00:00.000000','+00 00:00:00.000000');
Insert into BS708164LM20.RACEPARTICIPANT (IDRACEPARTICIPANT,POSITIONRACE,DIFLOOP,IDRACE,IDPILOTE,IDRACINGSTABLE,BESTTIMEQ1,BESTTIMEQ2,BESTTIMEQ3,RESULTTIMERACE) values ('94','17','2','5','19','10','+00 00:01:22.356000','+00 00:00:00.000000','+00 00:00:00.000000','+00 01:15:53.984000');
Insert into BS708164LM20.RACEPARTICIPANT (IDRACEPARTICIPANT,POSITIONRACE,DIFLOOP,IDRACE,IDPILOTE,IDRACINGSTABLE,BESTTIMEQ1,BESTTIMEQ2,BESTTIMEQ3,RESULTTIMERACE) values ('92','16','1','5','18','9','+00 00:01:20.784000','+00 00:00:00.000000','+00 00:00:00.000000','+00 01:16:41.740000');
Insert into BS708164LM20.RACEPARTICIPANT (IDRACEPARTICIPANT,POSITIONRACE,DIFLOOP,IDRACE,IDPILOTE,IDRACINGSTABLE,BESTTIMEQ1,BESTTIMEQ2,BESTTIMEQ3,RESULTTIMERACE) values ('90','15','1','5','12','8','+00 00:01:20.634000','+00 00:01:20.515000','+00 00:00:00.000000','+00 01:16:31.865000');
Insert into BS708164LM20.RACEPARTICIPANT (IDRACEPARTICIPANT,POSITIONRACE,DIFLOOP,IDRACE,IDPILOTE,IDRACINGSTABLE,BESTTIMEQ1,BESTTIMEQ2,BESTTIMEQ3,RESULTTIMERACE) values ('87','14','1','5','20','10','+00 00:01:21.800000','+00 00:00:00.000000','+00 00:00:00.000000','+00 01:16:07.435000');
Insert into BS708164LM20.RACEPARTICIPANT (IDRACEPARTICIPANT,POSITIONRACE,DIFLOOP,IDRACE,IDPILOTE,IDRACINGSTABLE,BESTTIMEQ1,BESTTIMEQ2,BESTTIMEQ3,RESULTTIMERACE) values ('86','13','1','5','5','2','+00 00:01:20.378000','+00 00:01:19.715000','+00 00:01:19.457000','+00 01:16:05.752000');
Insert into BS708164LM20.RACEPARTICIPANT (IDRACEPARTICIPANT,POSITIONRACE,DIFLOOP,IDRACE,IDPILOTE,IDRACINGSTABLE,BESTTIMEQ1,BESTTIMEQ2,BESTTIMEQ3,RESULTTIMERACE) values ('84','12','1','5','15','7','+00 00:01:20.643000','+00 00:01:20.498000','+00 00:00:00.000000','+00 01:15:45.782000');
Insert into BS708164LM20.RACEPARTICIPANT (IDRACEPARTICIPANT,POSITIONRACE,DIFLOOP,IDRACE,IDPILOTE,IDRACINGSTABLE,BESTTIMEQ1,BESTTIMEQ2,BESTTIMEQ3,RESULTTIMERACE) values ('62','11','1','5','7','6','+00 00:01:20.508000','+00 00:01:21.125000','+00 00:00:00.000000','+00 01:15:32.904000');
Insert into BS708164LM20.RACEPARTICIPANT (IDRACEPARTICIPANT,POSITIONRACE,DIFLOOP,IDRACE,IDPILOTE,IDRACINGSTABLE,BESTTIMEQ1,BESTTIMEQ2,BESTTIMEQ3,RESULTTIMERACE) values ('61','10','1','5','11','4','+00 00:01:20.646000','+00 00:01:21.068000','+00 00:00:00.000000','+00 01:15:31.085000');
Insert into BS708164LM20.RACEPARTICIPANT (IDRACEPARTICIPANT,POSITIONRACE,DIFLOOP,IDRACE,IDPILOTE,IDRACINGSTABLE,BESTTIMEQ1,BESTTIMEQ2,BESTTIMEQ3,RESULTTIMERACE) values ('59','9','1','5','17','8','+00 00:01:20.657000','+00 00:01:20.517000','+00 00:00:00.000000','+00 01:15:29.573000');
Insert into BS708164LM20.RACEPARTICIPANT (IDRACEPARTICIPANT,POSITIONRACE,DIFLOOP,IDRACE,IDPILOTE,IDRACINGSTABLE,BESTTIMEQ1,BESTTIMEQ2,BESTTIMEQ3,RESULTTIMERACE) values ('57','8','0','5','3','3','+00 00:00:00.000000','+00 00:00:00.000000','+00 00:00:00.000000','+00 01:16:41.157000');
Insert into BS708164LM20.RACEPARTICIPANT (IDRACEPARTICIPANT,POSITIONRACE,DIFLOOP,IDRACE,IDPILOTE,IDRACINGSTABLE,BESTTIMEQ1,BESTTIMEQ2,BESTTIMEQ3,RESULTTIMERACE) values ('55','7','0','5','10','7','+00 00:01:21.291000','+00 00:00:00.000000','+00 00:00:00.000000','+00 01:16:40.467000');
Insert into BS708164LM20.RACEPARTICIPANT (IDRACEPARTICIPANT,POSITIONRACE,DIFLOOP,IDRACE,IDPILOTE,IDRACINGSTABLE,BESTTIMEQ1,BESTTIMEQ2,BESTTIMEQ3,RESULTTIMERACE) values ('53','6','0','5','8','3','+00 00:01:20.382000','+00 00:01:20.021000','+00 00:00:00.000000','+00 01:16:25.980000');
Insert into BS708164LM20.RACEPARTICIPANT (IDRACEPARTICIPANT,POSITIONRACE,DIFLOOP,IDRACE,IDPILOTE,IDRACINGSTABLE,BESTTIMEQ1,BESTTIMEQ2,BESTTIMEQ3,RESULTTIMERACE) values ('52','5','0','5','14','5','+00 00:01:20.155000','+00 00:01:20.275000','+00 00:01:20.049000','+00 01:16:24.830000');
Insert into BS708164LM20.RACEPARTICIPANT (IDRACEPARTICIPANT,POSITIONRACE,DIFLOOP,IDRACE,IDPILOTE,IDRACINGSTABLE,BESTTIMEQ1,BESTTIMEQ2,BESTTIMEQ3,RESULTTIMERACE) values ('51','4','0','5','9','5','+00 00:01:20.374000','+00 00:01:19.833000','+00 00:01:19.839000','+00 01:16:12.180000');
Insert into BS708164LM20.RACEPARTICIPANT (IDRACEPARTICIPANT,POSITIONRACE,DIFLOOP,IDRACE,IDPILOTE,IDRACINGSTABLE,BESTTIMEQ1,BESTTIMEQ2,BESTTIMEQ3,RESULTTIMERACE) values ('50','3','0','5','1','1','+00 00:01:20.272000','+00 00:01:19.464000','+00 00:01:19.346000','+00 01:16:01.864000');
Insert into BS708164LM20.RACEPARTICIPANT (IDRACEPARTICIPANT,POSITIONRACE,DIFLOOP,IDRACE,IDPILOTE,IDRACINGSTABLE,BESTTIMEQ1,BESTTIMEQ2,BESTTIMEQ3,RESULTTIMERACE) values ('49','2','0','5','2','1','+00 00:01:20.156000','+00 00:01:20.018000','+00 00:01:19.354000','+00 01:15:27.500000');
Insert into BS708164LM20.RACEPARTICIPANT (IDRACEPARTICIPANT,POSITIONRACE,DIFLOOP,IDRACE,IDPILOTE,IDRACINGSTABLE,BESTTIMEQ1,BESTTIMEQ2,BESTTIMEQ3,RESULTTIMERACE) values ('97','19','24','5','13','6','+00 00:01:20.723000','+00 00:01:20.630000','+00 00:00:00.000000','+00 00:00:00.000000');
Insert into BS708164LM20.RACEPARTICIPANT (IDRACEPARTICIPANT,POSITIONRACE,DIFLOOP,IDRACE,IDPILOTE,IDRACINGSTABLE,BESTTIMEQ1,BESTTIMEQ2,BESTTIMEQ3,RESULTTIMERACE) values ('147','19','19','6','10','7','+00 00:01:39.909000','+00 00:01:38.620000','+00 00:00:00.000000','+00 00:00:00.000000');
Insert into BS708164LM20.RACEPARTICIPANT (IDRACEPARTICIPANT,POSITIONRACE,DIFLOOP,IDRACE,IDPILOTE,IDRACINGSTABLE,BESTTIMEQ1,BESTTIMEQ2,BESTTIMEQ3,RESULTTIMERACE) values ('148','20','27','6','20','10','+00 00:01:40.867000','+00 00:00:00.000000','+00 00:00:00.000000','+00 00:00:00.000000');
Insert into BS708164LM20.RACEPARTICIPANT (IDRACEPARTICIPANT,POSITIONRACE,DIFLOOP,IDRACE,IDPILOTE,IDRACINGSTABLE,BESTTIMEQ1,BESTTIMEQ2,BESTTIMEQ3,RESULTTIMERACE) values ('146','18','12','6','12','8','+00 00:01:39.454000','+00 00:01:38.858000','+00 00:00:00.000000','+00 00:00:00.000000');
Insert into BS708164LM20.RACEPARTICIPANT (IDRACEPARTICIPANT,POSITIONRACE,DIFLOOP,IDRACE,IDPILOTE,IDRACINGSTABLE,BESTTIMEQ1,BESTTIMEQ2,BESTTIMEQ3,RESULTTIMERACE) values ('145','17','0','6','16','9','+00 00:01:39.942000','+00 00:00:00.000000','+00 00:00:00.000000','+00 02:00:00.189000');
Insert into BS708164LM20.RACEPARTICIPANT (IDRACEPARTICIPANT,POSITIONRACE,DIFLOOP,IDRACE,IDPILOTE,IDRACINGSTABLE,BESTTIMEQ1,BESTTIMEQ2,BESTTIMEQ3,RESULTTIMERACE) values ('144','16','0','6','19','10','+00 00:01:40.186000','+00 00:00:00.000000','+00 00:00:00.000000','+00 01:59:20.691000');
Insert into BS708164LM20.RACEPARTICIPANT (IDRACEPARTICIPANT,POSITIONRACE,DIFLOOP,IDRACE,IDPILOTE,IDRACINGSTABLE,BESTTIMEQ1,BESTTIMEQ2,BESTTIMEQ3,RESULTTIMERACE) values ('143','15','0','6','13','6','+00 00:01:39.957000','+00 00:00:00.000000','+00 00:00:00.000000','+00 01:59:11.845000');
Insert into BS708164LM20.RACEPARTICIPANT (IDRACEPARTICIPANT,POSITIONRACE,DIFLOOP,IDRACE,IDPILOTE,IDRACINGSTABLE,BESTTIMEQ1,BESTTIMEQ2,BESTTIMEQ3,RESULTTIMERACE) values ('142','14','0','6','9','5','+00 00:01:39.362000','+00 00:01:38.399000','+00 00:01:38.095000','+00 01:59:11.327000');
Insert into BS708164LM20.RACEPARTICIPANT (IDRACEPARTICIPANT,POSITIONRACE,DIFLOOP,IDRACE,IDPILOTE,IDRACINGSTABLE,BESTTIMEQ1,BESTTIMEQ2,BESTTIMEQ3,RESULTTIMERACE) values ('141','13','0','6','15','7','+00 00:01:39.979000','+00 00:00:00.000000','+00 00:00:00.000000','+00 01:59:10.086000');
Insert into BS708164LM20.RACEPARTICIPANT (IDRACEPARTICIPANT,POSITIONRACE,DIFLOOP,IDRACE,IDPILOTE,IDRACINGSTABLE,BESTTIMEQ1,BESTTIMEQ2,BESTTIMEQ3,RESULTTIMERACE) values ('140','12','0','6','6','4','+00 00:01:38.882000','+00 00:01:37.982000','+00 00:01:37.818000','+00 01:59:09.641000');
Insert into BS708164LM20.RACEPARTICIPANT (IDRACEPARTICIPANT,POSITIONRACE,DIFLOOP,IDRACE,IDPILOTE,IDRACINGSTABLE,BESTTIMEQ1,BESTTIMEQ2,BESTTIMEQ3,RESULTTIMERACE) values ('139','11','0','6','18','9','+00 00:01:40.277000','+00 00:00:00.000000','+00 00:00:00.000000','+00 01:59:09.103000');
Insert into BS708164LM20.RACEPARTICIPANT (IDRACEPARTICIPANT,POSITIONRACE,DIFLOOP,IDRACE,IDPILOTE,IDRACINGSTABLE,BESTTIMEQ1,BESTTIMEQ2,BESTTIMEQ3,RESULTTIMERACE) values ('138','10','0','6','17','8','+00 00:01:39.272000','+00 00:01:38.697000','+00 00:00:00.000000','+00 01:59:01.522000');
Insert into BS708164LM20.RACEPARTICIPANT (IDRACEPARTICIPANT,POSITIONRACE,DIFLOOP,IDRACE,IDPILOTE,IDRACINGSTABLE,BESTTIMEQ1,BESTTIMEQ2,BESTTIMEQ3,RESULTTIMERACE) values ('137','9','0','6','14','5','+00 00:01:39.001000','+00 00:01:38.580000','+00 00:01:38.264000','+00 01:58:50.385000');
Insert into BS708164LM20.RACEPARTICIPANT (IDRACEPARTICIPANT,POSITIONRACE,DIFLOOP,IDRACE,IDPILOTE,IDRACINGSTABLE,BESTTIMEQ1,BESTTIMEQ2,BESTTIMEQ3,RESULTTIMERACE) values ('136','8','0','6','7','6','+00 00:01:39.085000','+00 00:01:38.699000','+00 00:00:00.000000','+00 01:58:49.214000');
Insert into BS708164LM20.RACEPARTICIPANT (IDRACEPARTICIPANT,POSITIONRACE,DIFLOOP,IDRACE,IDPILOTE,IDRACINGSTABLE,BESTTIMEQ1,BESTTIMEQ2,BESTTIMEQ3,RESULTTIMERACE) values ('135','7','0','6','11','4','+00 00:01:38.606000','+00 00:01:37.572000','+00 00:01:38.329000','+00 01:58:48.436000');
Insert into BS708164LM20.RACEPARTICIPANT (IDRACEPARTICIPANT,POSITIONRACE,DIFLOOP,IDRACE,IDPILOTE,IDRACINGSTABLE,BESTTIMEQ1,BESTTIMEQ2,BESTTIMEQ3,RESULTTIMERACE) values ('134','6','0','6','8','3','+00 00:01:39.106000','+00 00:01:37.865000','+00 00:01:37.411000','+00 01:58:45.330000');
Insert into BS708164LM20.RACEPARTICIPANT (IDRACEPARTICIPANT,POSITIONRACE,DIFLOOP,IDRACE,IDPILOTE,IDRACINGSTABLE,BESTTIMEQ1,BESTTIMEQ2,BESTTIMEQ3,RESULTTIMERACE) values ('133','5','0','6','2','1','+00 00:01:37.317000','+00 00:01:37.142000','+00 00:01:37.146000','+00 01:58:39.786000');
Insert into BS708164LM20.RACEPARTICIPANT (IDRACEPARTICIPANT,POSITIONRACE,DIFLOOP,IDRACE,IDPILOTE,IDRACINGSTABLE,BESTTIMEQ1,BESTTIMEQ2,BESTTIMEQ3,RESULTTIMERACE) values ('132','4','0','6','1','1','+00 00:01:37.565000','+00 00:01:36.933000','+00 00:01:36.408000','+00 01:58:38.275000');
Insert into BS708164LM20.RACEPARTICIPANT (IDRACEPARTICIPANT,POSITIONRACE,DIFLOOP,IDRACE,IDPILOTE,IDRACINGSTABLE,BESTTIMEQ1,BESTTIMEQ2,BESTTIMEQ3,RESULTTIMERACE) values ('131','3','0','6','3','3','+00 00:01:38.540000','+00 00:01:37.813000','+00 00:01:36.813000','+00 01:58:37.488000');
Insert into BS708164LM20.RACEPARTICIPANT (IDRACEPARTICIPANT,POSITIONRACE,DIFLOOP,IDRACE,IDPILOTE,IDRACINGSTABLE,BESTTIMEQ1,BESTTIMEQ2,BESTTIMEQ3,RESULTTIMERACE) values ('130','2','0','6','4','2','+00 00:01:38.014000','+00 00:01:36.650000','+00 00:01:36.217000','+00 01:58:36.308000');
Insert into BS708164LM20.RACEPARTICIPANT (IDRACEPARTICIPANT,POSITIONRACE,DIFLOOP,IDRACE,IDPILOTE,IDRACINGSTABLE,BESTTIMEQ1,BESTTIMEQ2,BESTTIMEQ3,RESULTTIMERACE) values ('110','1','0','6','5','2','+00 00:01:38.374000','+00 00:01:36.720000','+00 00:01:36.437000','+00 01:58:33.667000');
Insert into BS708164LM20.RACEPARTICIPANT (IDRACEPARTICIPANT,POSITIONRACE,DIFLOOP,IDRACE,IDPILOTE,IDRACINGSTABLE,BESTTIMEQ1,BESTTIMEQ2,BESTTIMEQ3,RESULTTIMERACE) values ('107','1','0','7','1','1','+00 00:01:33.230000','+00 00:01:33.134000','+00 00:01:32.030000','+00 01:33:38.992000');
Insert into BS708164LM20.RACEPARTICIPANT (IDRACEPARTICIPANT,POSITIONRACE,DIFLOOP,IDRACE,IDPILOTE,IDRACINGSTABLE,BESTTIMEQ1,BESTTIMEQ2,BESTTIMEQ3,RESULTTIMERACE) values ('129','20','53','7','18','9','+00 00:01:34.283000','+00 00:01:33.643000','+00 00:01:33.517000','+00 00:00:00.000000');
Insert into BS708164LM20.RACEPARTICIPANT (IDRACEPARTICIPANT,POSITIONRACE,DIFLOOP,IDRACE,IDPILOTE,IDRACINGSTABLE,BESTTIMEQ1,BESTTIMEQ2,BESTTIMEQ3,RESULTTIMERACE) values ('109','3','0','7','4','2','+00 00:01:33.613000','+00 00:01:32.434000','+00 00:01:31.628000','+00 01:33:44.204000');
Insert into BS708164LM20.RACEPARTICIPANT (IDRACEPARTICIPANT,POSITIONRACE,DIFLOOP,IDRACE,IDPILOTE,IDRACINGSTABLE,BESTTIMEQ1,BESTTIMEQ2,BESTTIMEQ3,RESULTTIMERACE) values ('111','4','0','7','3','3','+00 00:01:33.368000','+00 00:01:32.634000','+00 00:01:32.310000','+00 01:33:53.202000');
Insert into BS708164LM20.RACEPARTICIPANT (IDRACEPARTICIPANT,POSITIONRACE,DIFLOOP,IDRACE,IDPILOTE,IDRACINGSTABLE,BESTTIMEQ1,BESTTIMEQ2,BESTTIMEQ3,RESULTTIMERACE) values ('112','5','0','7','8','3','+00 00:01:39.197000','+00 00:00:00.000000','+00 00:00:00.000000','+00 01:34:17.340000');
Insert into BS708164LM20.RACEPARTICIPANT (IDRACEPARTICIPANT,POSITIONRACE,DIFLOOP,IDRACE,IDPILOTE,IDRACINGSTABLE,BESTTIMEQ1,BESTTIMEQ2,BESTTIMEQ3,RESULTTIMERACE) values ('113','6','0','7','6','4','+00 00:01:34.184000','+00 00:01:33.807000','+00 00:01:33.222000','+00 01:34:24.881000');
Insert into BS708164LM20.RACEPARTICIPANT (IDRACEPARTICIPANT,POSITIONRACE,DIFLOOP,IDRACE,IDPILOTE,IDRACINGSTABLE,BESTTIMEQ1,BESTTIMEQ2,BESTTIMEQ3,RESULTTIMERACE) values ('114','7','0','7','10','7','+00 00:01:34.336000','+00 00:01:33.958000','+00 00:00:00.000000','+00 01:34:27.720000');
Insert into BS708164LM20.RACEPARTICIPANT (IDRACEPARTICIPANT,POSITIONRACE,DIFLOOP,IDRACE,IDPILOTE,IDRACINGSTABLE,BESTTIMEQ1,BESTTIMEQ2,BESTTIMEQ3,RESULTTIMERACE) values ('115','8','0','7','11','4','+00 00:01:34.201000','+00 00:01:33.725000','+00 00:01:33.301000','+00 01:34:36.741000');
Insert into BS708164LM20.RACEPARTICIPANT (IDRACEPARTICIPANT,POSITIONRACE,DIFLOOP,IDRACE,IDPILOTE,IDRACINGSTABLE,BESTTIMEQ1,BESTTIMEQ2,BESTTIMEQ3,RESULTTIMERACE) values ('116','9','0','7','16','9','+00 00:01:33.889000','+00 00:01:34.082000','+00 00:00:00.000000','+00 01:34:37.771000');
Insert into BS708164LM20.RACEPARTICIPANT (IDRACEPARTICIPANT,POSITIONRACE,DIFLOOP,IDRACE,IDPILOTE,IDRACINGSTABLE,BESTTIMEQ1,BESTTIMEQ2,BESTTIMEQ3,RESULTTIMERACE) values ('119','10','0','7','14','5','+00 00:01:34.236000','+00 00:01:33.989000','+00 00:01:33.289000','+00 01:34:38.833000');
Insert into BS708164LM20.RACEPARTICIPANT (IDRACEPARTICIPANT,POSITIONRACE,DIFLOOP,IDRACE,IDPILOTE,IDRACINGSTABLE,BESTTIMEQ1,BESTTIMEQ2,BESTTIMEQ3,RESULTTIMERACE) values ('120','11','0','7','15','7','+00 00:01:34.287000','+00 00:01:34.233000','+00 00:00:00.000000','+00 01:34:39.813000');
Insert into BS708164LM20.RACEPARTICIPANT (IDRACEPARTICIPANT,POSITIONRACE,DIFLOOP,IDRACE,IDPILOTE,IDRACINGSTABLE,BESTTIMEQ1,BESTTIMEQ2,BESTTIMEQ3,RESULTTIMERACE) values ('121','12','0','7','13','6','+00 00:00:00.000000','+00 00:00:00.000000','+00 00:00:00.000000','+00 01:34:41.488000');
Insert into BS708164LM20.RACEPARTICIPANT (IDRACEPARTICIPANT,POSITIONRACE,DIFLOOP,IDRACE,IDPILOTE,IDRACINGSTABLE,BESTTIMEQ1,BESTTIMEQ2,BESTTIMEQ3,RESULTTIMERACE) values ('122','13','0','7','12','8','+00 00:01:34.840000','+00 00:00:00.000000','+00 00:00:00.000000','+00 01:34:47.902000');
Insert into BS708164LM20.RACEPARTICIPANT (IDRACEPARTICIPANT,POSITIONRACE,DIFLOOP,IDRACE,IDPILOTE,IDRACINGSTABLE,BESTTIMEQ1,BESTTIMEQ2,BESTTIMEQ3,RESULTTIMERACE) values ('123','14','0','7','7','6','+00 00:01:34.456000','+00 00:01:33.950000','+00 00:00:00.000000','+00 01:34:49.068000');
Insert into BS708164LM20.RACEPARTICIPANT (IDRACEPARTICIPANT,POSITIONRACE,DIFLOOP,IDRACE,IDPILOTE,IDRACINGSTABLE,BESTTIMEQ1,BESTTIMEQ2,BESTTIMEQ3,RESULTTIMERACE) values ('124','15','0','7','17','8','+00 00:01:34.755000','+00 00:01:34.037000','+00 00:00:00.000000','+00 01:34:52.338000');
Insert into BS708164LM20.RACEPARTICIPANT (IDRACEPARTICIPANT,POSITIONRACE,DIFLOOP,IDRACE,IDPILOTE,IDRACINGSTABLE,BESTTIMEQ1,BESTTIMEQ2,BESTTIMEQ3,RESULTTIMERACE) values ('125','16','25','7','19','10','+00 00:01:36.474000','+00 00:00:00.000000','+00 00:00:00.000000','+00 00:00:00.000000');
Insert into BS708164LM20.RACEPARTICIPANT (IDRACEPARTICIPANT,POSITIONRACE,DIFLOOP,IDRACE,IDPILOTE,IDRACINGSTABLE,BESTTIMEQ1,BESTTIMEQ2,BESTTIMEQ3,RESULTTIMERACE) values ('126','17','26','7','20','10','+00 00:01:35.356000','+00 00:00:00.000000','+00 00:00:00.000000','+00 00:00:00.000000');
Insert into BS708164LM20.RACEPARTICIPANT (IDRACEPARTICIPANT,POSITIONRACE,DIFLOOP,IDRACE,IDPILOTE,IDRACINGSTABLE,BESTTIMEQ1,BESTTIMEQ2,BESTTIMEQ3,RESULTTIMERACE) values ('127','18','27','7','5','2','+00 00:01:33.032000','+00 00:01:32.536000','+00 00:01:32.053000','+00 00:00:00.000000');
Insert into BS708164LM20.RACEPARTICIPANT (IDRACEPARTICIPANT,POSITIONRACE,DIFLOOP,IDRACE,IDPILOTE,IDRACINGSTABLE,BESTTIMEQ1,BESTTIMEQ2,BESTTIMEQ3,RESULTTIMERACE) values ('128','19','29','7','9','5','+00 00:01:34.138000','+00 00:01:33.862000','+00 00:01:33.661000','+00 00:00:00.000000');
Insert into BS708164LM20.RACEPARTICIPANT (IDRACEPARTICIPANT,POSITIONRACE,DIFLOOP,IDRACE,IDPILOTE,IDRACINGSTABLE,BESTTIMEQ1,BESTTIMEQ2,BESTTIMEQ3,RESULTTIMERACE) values ('108','2','0','7','2','1','+00 00:01:33.413000','+00 00:01:33.281000','+00 00:01:33.632000','+00 01:33:42.821000');
