--------------------------------------------------------
--  Fichier créé - jeudi-avril-30-2020   
--------------------------------------------------------
--------------------------------------------------------
--  DDL for Table CARRACINGSTABLEPILOTE
--------------------------------------------------------

  CREATE TABLE "BS708164LM20"."CARRACINGSTABLEPILOTE" 
   (	"IDCARRACINGSTABLEPILOTE" NUMBER, 
	"IDCAR" NUMBER(10,0), 
	"IDRACINGSTABLEPILOTE" NUMBER(10,0)
   ) SEGMENT CREATION IMMEDIATE 
  PCTFREE 10 PCTUSED 40 INITRANS 1 MAXTRANS 255 
 NOCOMPRESS LOGGING
  STORAGE(INITIAL 65536 NEXT 1048576 MINEXTENTS 1 MAXEXTENTS 2147483645
  PCTINCREASE 0 FREELISTS 1 FREELIST GROUPS 1
  BUFFER_POOL DEFAULT FLASH_CACHE DEFAULT CELL_FLASH_CACHE DEFAULT)
  TABLESPACE "USERS" ;
--------------------------------------------------------
--  DDL for Table CARSRACINGSTABLE
--------------------------------------------------------

  CREATE TABLE "BS708164LM20"."CARSRACINGSTABLE" 
   (	"IDCAR" NUMBER, 
	"NAME" VARCHAR2(50 BYTE), 
	"STATE" VARCHAR2(11 BYTE), 
	"IDRACINGSTABLE" NUMBER(10,0)
   ) SEGMENT CREATION IMMEDIATE 
  PCTFREE 10 PCTUSED 40 INITRANS 1 MAXTRANS 255 
 NOCOMPRESS LOGGING
  STORAGE(INITIAL 65536 NEXT 1048576 MINEXTENTS 1 MAXEXTENTS 2147483645
  PCTINCREASE 0 FREELISTS 1 FREELIST GROUPS 1
  BUFFER_POOL DEFAULT FLASH_CACHE DEFAULT CELL_FLASH_CACHE DEFAULT)
  TABLESPACE "USERS" ;
--------------------------------------------------------
--  DDL for Table CIRCUIT
--------------------------------------------------------

  CREATE TABLE "BS708164LM20"."CIRCUIT" 
   (	"IDCIRCUIT" NUMBER, 
	"NAME" VARCHAR2(50 BYTE), 
	"COUNTRY" VARCHAR2(50 BYTE), 
	"MILEAGE" FLOAT(126)
   ) SEGMENT CREATION IMMEDIATE 
  PCTFREE 10 PCTUSED 40 INITRANS 1 MAXTRANS 255 
 NOCOMPRESS LOGGING
  STORAGE(INITIAL 65536 NEXT 1048576 MINEXTENTS 1 MAXEXTENTS 2147483645
  PCTINCREASE 0 FREELISTS 1 FREELIST GROUPS 1
  BUFFER_POOL DEFAULT FLASH_CACHE DEFAULT CELL_FLASH_CACHE DEFAULT)
  TABLESPACE "USERS" ;
--------------------------------------------------------
--  DDL for Table PILOTE
--------------------------------------------------------

  CREATE TABLE "BS708164LM20"."PILOTE" 
   (	"IDPILOTE" NUMBER, 
	"NAME" VARCHAR2(50 BYTE), 
	"DATEBIRTH" DATE, 
	"NATIONALITY" VARCHAR2(11 BYTE)
   ) SEGMENT CREATION IMMEDIATE 
  PCTFREE 10 PCTUSED 40 INITRANS 1 MAXTRANS 255 
 NOCOMPRESS LOGGING
  STORAGE(INITIAL 65536 NEXT 1048576 MINEXTENTS 1 MAXEXTENTS 2147483645
  PCTINCREASE 0 FREELISTS 1 FREELIST GROUPS 1
  BUFFER_POOL DEFAULT FLASH_CACHE DEFAULT CELL_FLASH_CACHE DEFAULT)
  TABLESPACE "USERS" ;
--------------------------------------------------------
--  DDL for Table RACE
--------------------------------------------------------

  CREATE TABLE "BS708164LM20"."RACE" 
   (	"IDRACE" NUMBER, 
	"LOOPRACE" NUMBER(10,0), 
	"DATESTARTRACE" DATE, 
	"DATEENDRACE" DATE, 
	"MILEAGE" FLOAT(126), 
	"IDCIRCUIT" NUMBER(10,0)
   ) SEGMENT CREATION IMMEDIATE 
  PCTFREE 10 PCTUSED 40 INITRANS 1 MAXTRANS 255 
 NOCOMPRESS LOGGING
  STORAGE(INITIAL 65536 NEXT 1048576 MINEXTENTS 1 MAXEXTENTS 2147483645
  PCTINCREASE 0 FREELISTS 1 FREELIST GROUPS 1
  BUFFER_POOL DEFAULT FLASH_CACHE DEFAULT CELL_FLASH_CACHE DEFAULT)
  TABLESPACE "USERS" ;
--------------------------------------------------------
--  DDL for Table RACEPARTICIPANT
--------------------------------------------------------

  CREATE TABLE "BS708164LM20"."RACEPARTICIPANT" 
   (	"IDRACEPARTICIPANT" NUMBER, 
	"POSITIONRACE" NUMBER(10,0), 
	"DIFLOOP" NUMBER(10,0) DEFAULT 0, 
	"IDRACE" NUMBER(10,0), 
	"IDPILOTE" NUMBER(10,0), 
	"IDRACINGSTABLE" NUMBER(10,0), 
	"BESTTIMEQ1" INTERVAL DAY (2) TO SECOND (3) DEFAULT '00 00:00:00.000', 
	"BESTTIMEQ2" INTERVAL DAY (2) TO SECOND (3) DEFAULT '00 00:00:00.000', 
	"BESTTIMEQ3" INTERVAL DAY (2) TO SECOND (3) DEFAULT '00 00:00:00.000', 
	"RESULTTIMERACE" INTERVAL DAY (2) TO SECOND (3) DEFAULT '00 00:00:00.000'
   ) SEGMENT CREATION IMMEDIATE 
  PCTFREE 10 PCTUSED 40 INITRANS 1 MAXTRANS 255 
 NOCOMPRESS LOGGING
  STORAGE(INITIAL 65536 NEXT 1048576 MINEXTENTS 1 MAXEXTENTS 2147483645
  PCTINCREASE 0 FREELISTS 1 FREELIST GROUPS 1
  BUFFER_POOL DEFAULT FLASH_CACHE DEFAULT CELL_FLASH_CACHE DEFAULT)
  TABLESPACE "USERS" ;
--------------------------------------------------------
--  DDL for Table RACINGSTABLE
--------------------------------------------------------

  CREATE TABLE "BS708164LM20"."RACINGSTABLE" 
   (	"IDRACINGSTABLE" NUMBER, 
	"NAME" VARCHAR2(50 BYTE), 
	"CONSTRUCTOR" VARCHAR2(50 BYTE), 
	"DATEOFCREATION" DATE, 
	"NBCARSAVAILABLE" NUMBER(10,0) DEFAULT 0, 
	"TIMEINRACE" INTERVAL DAY (2) TO SECOND (6) DEFAULT '00 00:00:00.000'
   ) SEGMENT CREATION IMMEDIATE 
  PCTFREE 10 PCTUSED 40 INITRANS 1 MAXTRANS 255 
 NOCOMPRESS LOGGING
  STORAGE(INITIAL 65536 NEXT 1048576 MINEXTENTS 1 MAXEXTENTS 2147483645
  PCTINCREASE 0 FREELISTS 1 FREELIST GROUPS 1
  BUFFER_POOL DEFAULT FLASH_CACHE DEFAULT CELL_FLASH_CACHE DEFAULT)
  TABLESPACE "USERS" ;
--------------------------------------------------------
--  DDL for Table RACINGSTABLEPILOTE
--------------------------------------------------------

  CREATE TABLE "BS708164LM20"."RACINGSTABLEPILOTE" 
   (	"IDRACINGSTABLEPILOTE" NUMBER, 
	"DATEHAVEJOIN" DATE, 
	"IDRACINGSTABLE" NUMBER(10,0), 
	"IDPILOTE" NUMBER(10,0)
   ) SEGMENT CREATION IMMEDIATE 
  PCTFREE 10 PCTUSED 40 INITRANS 1 MAXTRANS 255 
 NOCOMPRESS LOGGING
  STORAGE(INITIAL 65536 NEXT 1048576 MINEXTENTS 1 MAXEXTENTS 2147483645
  PCTINCREASE 0 FREELISTS 1 FREELIST GROUPS 1
  BUFFER_POOL DEFAULT FLASH_CACHE DEFAULT CELL_FLASH_CACHE DEFAULT)
  TABLESPACE "USERS" ;
--------------------------------------------------------
--  DDL for Table RACINGSTABLEPILOTEHISTORY
--------------------------------------------------------

  CREATE TABLE "BS708164LM20"."RACINGSTABLEPILOTEHISTORY" 
   (	"IDRACINGSTABLEPILOTEHISTORY" NUMBER, 
	"HADJOINED" DATE, 
	"HADLEFT" DATE, 
	"IDRACINGSTABLE" NUMBER(10,0), 
	"IDPILOTE" NUMBER(10,0)
   ) SEGMENT CREATION IMMEDIATE 
  PCTFREE 10 PCTUSED 40 INITRANS 1 MAXTRANS 255 
 NOCOMPRESS LOGGING
  STORAGE(INITIAL 65536 NEXT 1048576 MINEXTENTS 1 MAXEXTENTS 2147483645
  PCTINCREASE 0 FREELISTS 1 FREELIST GROUPS 1
  BUFFER_POOL DEFAULT FLASH_CACHE DEFAULT CELL_FLASH_CACHE DEFAULT)
  TABLESPACE "USERS" ;
REM INSERTING into BS708164LM20.CARRACINGSTABLEPILOTE
SET DEFINE OFF;
Insert into BS708164LM20.CARRACINGSTABLEPILOTE (IDCARRACINGSTABLEPILOTE,IDCAR,IDRACINGSTABLEPILOTE) values ('1','1','1');
Insert into BS708164LM20.CARRACINGSTABLEPILOTE (IDCARRACINGSTABLEPILOTE,IDCAR,IDRACINGSTABLEPILOTE) values ('2','2','2');
Insert into BS708164LM20.CARRACINGSTABLEPILOTE (IDCARRACINGSTABLEPILOTE,IDCAR,IDRACINGSTABLEPILOTE) values ('3','3','5');
Insert into BS708164LM20.CARRACINGSTABLEPILOTE (IDCARRACINGSTABLEPILOTE,IDCAR,IDRACINGSTABLEPILOTE) values ('4','4','6');
Insert into BS708164LM20.CARRACINGSTABLEPILOTE (IDCARRACINGSTABLEPILOTE,IDCAR,IDRACINGSTABLEPILOTE) values ('5','5','4');
Insert into BS708164LM20.CARRACINGSTABLEPILOTE (IDCARRACINGSTABLEPILOTE,IDCAR,IDRACINGSTABLEPILOTE) values ('6','6','3');
Insert into BS708164LM20.CARRACINGSTABLEPILOTE (IDCARRACINGSTABLEPILOTE,IDCAR,IDRACINGSTABLEPILOTE) values ('7','7','11');
Insert into BS708164LM20.CARRACINGSTABLEPILOTE (IDCARRACINGSTABLEPILOTE,IDCAR,IDRACINGSTABLEPILOTE) values ('8','8','12');
Insert into BS708164LM20.CARRACINGSTABLEPILOTE (IDCARRACINGSTABLEPILOTE,IDCAR,IDRACINGSTABLEPILOTE) values ('9','9','8');
Insert into BS708164LM20.CARRACINGSTABLEPILOTE (IDCARRACINGSTABLEPILOTE,IDCAR,IDRACINGSTABLEPILOTE) values ('10','10','7');
Insert into BS708164LM20.CARRACINGSTABLEPILOTE (IDCARRACINGSTABLEPILOTE,IDCAR,IDRACINGSTABLEPILOTE) values ('11','11','9');
Insert into BS708164LM20.CARRACINGSTABLEPILOTE (IDCARRACINGSTABLEPILOTE,IDCAR,IDRACINGSTABLEPILOTE) values ('12','12','10');
Insert into BS708164LM20.CARRACINGSTABLEPILOTE (IDCARRACINGSTABLEPILOTE,IDCAR,IDRACINGSTABLEPILOTE) values ('13','13','13');
Insert into BS708164LM20.CARRACINGSTABLEPILOTE (IDCARRACINGSTABLEPILOTE,IDCAR,IDRACINGSTABLEPILOTE) values ('14','14','14');
Insert into BS708164LM20.CARRACINGSTABLEPILOTE (IDCARRACINGSTABLEPILOTE,IDCAR,IDRACINGSTABLEPILOTE) values ('15','15','16');
Insert into BS708164LM20.CARRACINGSTABLEPILOTE (IDCARRACINGSTABLEPILOTE,IDCAR,IDRACINGSTABLEPILOTE) values ('16','16','15');
Insert into BS708164LM20.CARRACINGSTABLEPILOTE (IDCARRACINGSTABLEPILOTE,IDCAR,IDRACINGSTABLEPILOTE) values ('17','17','17');
Insert into BS708164LM20.CARRACINGSTABLEPILOTE (IDCARRACINGSTABLEPILOTE,IDCAR,IDRACINGSTABLEPILOTE) values ('18','18','18');
Insert into BS708164LM20.CARRACINGSTABLEPILOTE (IDCARRACINGSTABLEPILOTE,IDCAR,IDRACINGSTABLEPILOTE) values ('19','19','19');
Insert into BS708164LM20.CARRACINGSTABLEPILOTE (IDCARRACINGSTABLEPILOTE,IDCAR,IDRACINGSTABLEPILOTE) values ('20','20','20');
REM INSERTING into BS708164LM20.CARSRACINGSTABLE
SET DEFINE OFF;
Insert into BS708164LM20.CARSRACINGSTABLE (IDCAR,NAME,STATE,IDRACINGSTABLE) values ('1','MERCEDES-AMG F1 W10','AVAILABLE','1');
Insert into BS708164LM20.CARSRACINGSTABLE (IDCAR,NAME,STATE,IDRACINGSTABLE) values ('2','MERCEDES-AMG F1 W10','AVAILABLE','1');
Insert into BS708164LM20.CARSRACINGSTABLE (IDCAR,NAME,STATE,IDRACINGSTABLE) values ('3','FERRARI SF90','AVAILABLE','2');
Insert into BS708164LM20.CARSRACINGSTABLE (IDCAR,NAME,STATE,IDRACINGSTABLE) values ('4','FERRARI SF90','AVAILABLE','2');
Insert into BS708164LM20.CARSRACINGSTABLE (IDCAR,NAME,STATE,IDRACINGSTABLE) values ('5','RED BULL RB15','AVAILABLE','3');
Insert into BS708164LM20.CARSRACINGSTABLE (IDCAR,NAME,STATE,IDRACINGSTABLE) values ('6','RED BULL RB15','AVAILABLE','3');
Insert into BS708164LM20.CARSRACINGSTABLE (IDCAR,NAME,STATE,IDRACINGSTABLE) values ('7','RENAULT R.S.19','AVAILABLE','5');
Insert into BS708164LM20.CARSRACINGSTABLE (IDCAR,NAME,STATE,IDRACINGSTABLE) values ('8','RENAULT R.S.19','AVAILABLE','5');
Insert into BS708164LM20.CARSRACINGSTABLE (IDCAR,NAME,STATE,IDRACINGSTABLE) values ('9','MCLAREN MCL34','AVAILABLE','4');
Insert into BS708164LM20.CARSRACINGSTABLE (IDCAR,NAME,STATE,IDRACINGSTABLE) values ('10','MCLAREN MCL34','AVAILABLE','4');
Insert into BS708164LM20.CARSRACINGSTABLE (IDCAR,NAME,STATE,IDRACINGSTABLE) values ('11','TORO ROSSO STR14','AVAILABLE','6');
Insert into BS708164LM20.CARSRACINGSTABLE (IDCAR,NAME,STATE,IDRACINGSTABLE) values ('12','TORO ROSSO STR14','AVAILABLE','6');
Insert into BS708164LM20.CARSRACINGSTABLE (IDCAR,NAME,STATE,IDRACINGSTABLE) values ('13','RACING POINT RP19','AVAILABLE','7');
Insert into BS708164LM20.CARSRACINGSTABLE (IDCAR,NAME,STATE,IDRACINGSTABLE) values ('14','RACING POINT RP19','AVAILABLE','7');
Insert into BS708164LM20.CARSRACINGSTABLE (IDCAR,NAME,STATE,IDRACINGSTABLE) values ('15','ALFA ROMEO C38','AVAILABLE','8');
Insert into BS708164LM20.CARSRACINGSTABLE (IDCAR,NAME,STATE,IDRACINGSTABLE) values ('16','ALFA ROMEO C38','AVAILABLE','8');
Insert into BS708164LM20.CARSRACINGSTABLE (IDCAR,NAME,STATE,IDRACINGSTABLE) values ('17','HAAS VF-19','AVAILABLE','9');
Insert into BS708164LM20.CARSRACINGSTABLE (IDCAR,NAME,STATE,IDRACINGSTABLE) values ('18','HAAS VF-19','AVAILABLE','9');
Insert into BS708164LM20.CARSRACINGSTABLE (IDCAR,NAME,STATE,IDRACINGSTABLE) values ('19','WILLIAMS FW42','AVAILABLE','10');
Insert into BS708164LM20.CARSRACINGSTABLE (IDCAR,NAME,STATE,IDRACINGSTABLE) values ('20','WILLIAMS FW42','AVAILABLE','10');
Insert into BS708164LM20.CARSRACINGSTABLE (IDCAR,NAME,STATE,IDRACINGSTABLE) values ('21','MIAGE TURBO BOOST','AVAILABLE','11');
REM INSERTING into BS708164LM20.CIRCUIT
SET DEFINE OFF;
Insert into BS708164LM20.CIRCUIT (IDCIRCUIT,NAME,COUNTRY,MILEAGE) values ('1','SILVERSTONE','UNITED KINGDOM','5,891');
Insert into BS708164LM20.CIRCUIT (IDCIRCUIT,NAME,COUNTRY,MILEAGE) values ('2','HOCKENHEIMRING','GERMANY','4,574');
Insert into BS708164LM20.CIRCUIT (IDCIRCUIT,NAME,COUNTRY,MILEAGE) values ('3','HUNGARORING','HUNGARY','4,381');
Insert into BS708164LM20.CIRCUIT (IDCIRCUIT,NAME,COUNTRY,MILEAGE) values ('4','SPA-FRANCORCHAMPS','BELGIUM','7,004');
Insert into BS708164LM20.CIRCUIT (IDCIRCUIT,NAME,COUNTRY,MILEAGE) values ('5','AUTODROMO NAZIONALE MONZA','ITALY','5,793');
Insert into BS708164LM20.CIRCUIT (IDCIRCUIT,NAME,COUNTRY,MILEAGE) values ('6','MARINA BAY STREET','SINGAPORE','5,063');
Insert into BS708164LM20.CIRCUIT (IDCIRCUIT,NAME,COUNTRY,MILEAGE) values ('7','SOCHI AUTODROM','RUSSIAN','5,848');
REM INSERTING into BS708164LM20.PILOTE
SET DEFINE OFF;
Insert into BS708164LM20.PILOTE (IDPILOTE,NAME,DATEBIRTH,NATIONALITY) values ('1','HAMILTON',to_date('07/01/85','DD/MM/RR'),'UK');
Insert into BS708164LM20.PILOTE (IDPILOTE,NAME,DATEBIRTH,NATIONALITY) values ('2','BOTTAS',to_date('28/08/89','DD/MM/RR'),'FINLAND');
Insert into BS708164LM20.PILOTE (IDPILOTE,NAME,DATEBIRTH,NATIONALITY) values ('3','VERSTAPPEN',to_date('30/09/97','DD/MM/RR'),'NETHERLANDS');
Insert into BS708164LM20.PILOTE (IDPILOTE,NAME,DATEBIRTH,NATIONALITY) values ('4','LECLERC',to_date('16/10/97','DD/MM/RR'),'MONACO');
Insert into BS708164LM20.PILOTE (IDPILOTE,NAME,DATEBIRTH,NATIONALITY) values ('5','VETTEL',to_date('03/07/87','DD/MM/RR'),'GERMANY');
Insert into BS708164LM20.PILOTE (IDPILOTE,NAME,DATEBIRTH,NATIONALITY) values ('6','SAINZ',to_date('01/09/94','DD/MM/RR'),'SPAIN');
Insert into BS708164LM20.PILOTE (IDPILOTE,NAME,DATEBIRTH,NATIONALITY) values ('7','GASLY',to_date('07/02/96','DD/MM/RR'),'FRANCE');
Insert into BS708164LM20.PILOTE (IDPILOTE,NAME,DATEBIRTH,NATIONALITY) values ('8','ALBON',to_date('23/03/96','DD/MM/RR'),'THAILAND');
Insert into BS708164LM20.PILOTE (IDPILOTE,NAME,DATEBIRTH,NATIONALITY) values ('9','RICCIARDO',to_date('01/07/89','DD/MM/RR'),'AUSTRALIA');
Insert into BS708164LM20.PILOTE (IDPILOTE,NAME,DATEBIRTH,NATIONALITY) values ('10','PEREZ',to_date('26/01/90','DD/MM/RR'),'MEXICO');
Insert into BS708164LM20.PILOTE (IDPILOTE,NAME,DATEBIRTH,NATIONALITY) values ('11','NORRIS',to_date('13/11/99','DD/MM/RR'),'UK');
Insert into BS708164LM20.PILOTE (IDPILOTE,NAME,DATEBIRTH,NATIONALITY) values ('12','RAIKKONEN',to_date('17/10/79','DD/MM/RR'),'FINLAND');
Insert into BS708164LM20.PILOTE (IDPILOTE,NAME,DATEBIRTH,NATIONALITY) values ('13','KVYAT',to_date('26/04/94','DD/MM/RR'),'RUSSIA');
Insert into BS708164LM20.PILOTE (IDPILOTE,NAME,DATEBIRTH,NATIONALITY) values ('14','HULKENBERG',to_date('19/08/87','DD/MM/RR'),'GERMANY');
Insert into BS708164LM20.PILOTE (IDPILOTE,NAME,DATEBIRTH,NATIONALITY) values ('15','STROLL',to_date('29/10/98','DD/MM/RR'),'CANADA');
Insert into BS708164LM20.PILOTE (IDPILOTE,NAME,DATEBIRTH,NATIONALITY) values ('16','MAGNUSSEN',to_date('05/10/92','DD/MM/RR'),'DENMARK');
Insert into BS708164LM20.PILOTE (IDPILOTE,NAME,DATEBIRTH,NATIONALITY) values ('17','GIOVINAZZI',to_date('14/12/93','DD/MM/RR'),'ITALY');
Insert into BS708164LM20.PILOTE (IDPILOTE,NAME,DATEBIRTH,NATIONALITY) values ('18','GROSJEAN',to_date('17/04/86','DD/MM/RR'),'FRANCE');
Insert into BS708164LM20.PILOTE (IDPILOTE,NAME,DATEBIRTH,NATIONALITY) values ('19','KUBICA',to_date('07/12/84','DD/MM/RR'),'POLAND');
Insert into BS708164LM20.PILOTE (IDPILOTE,NAME,DATEBIRTH,NATIONALITY) values ('20','RUSSEL',to_date('15/02/98','DD/MM/RR'),'UK');
REM INSERTING into BS708164LM20.RACE
SET DEFINE OFF;
Insert into BS708164LM20.RACE (IDRACE,LOOPRACE,DATESTARTRACE,DATEENDRACE,MILEAGE,IDCIRCUIT) values ('2','67',to_date('26/07/19','DD/MM/RR'),to_date('28/07/19','DD/MM/RR'),'306,458','2');
Insert into BS708164LM20.RACE (IDRACE,LOOPRACE,DATESTARTRACE,DATEENDRACE,MILEAGE,IDCIRCUIT) values ('3','70',to_date('02/08/19','DD/MM/RR'),to_date('04/08/19','DD/MM/RR'),'306,67','3');
Insert into BS708164LM20.RACE (IDRACE,LOOPRACE,DATESTARTRACE,DATEENDRACE,MILEAGE,IDCIRCUIT) values ('1','52',to_date('12/07/19','DD/MM/RR'),to_date('14/07/19','DD/MM/RR'),'306,332','1');
Insert into BS708164LM20.RACE (IDRACE,LOOPRACE,DATESTARTRACE,DATEENDRACE,MILEAGE,IDCIRCUIT) values ('4','44',to_date('30/08/19','DD/MM/RR'),to_date('01/09/19','DD/MM/RR'),'308,176','4');
Insert into BS708164LM20.RACE (IDRACE,LOOPRACE,DATESTARTRACE,DATEENDRACE,MILEAGE,IDCIRCUIT) values ('5','53',to_date('06/09/19','DD/MM/RR'),to_date('08/09/19','DD/MM/RR'),'307,029','5');
Insert into BS708164LM20.RACE (IDRACE,LOOPRACE,DATESTARTRACE,DATEENDRACE,MILEAGE,IDCIRCUIT) values ('6','61',to_date('20/09/19','DD/MM/RR'),to_date('22/09/19','DD/MM/RR'),'308,843','6');
Insert into BS708164LM20.RACE (IDRACE,LOOPRACE,DATESTARTRACE,DATEENDRACE,MILEAGE,IDCIRCUIT) values ('7','53',to_date('27/09/19','DD/MM/RR'),to_date('29/09/19','DD/MM/RR'),'309,944','7');
REM INSERTING into BS708164LM20.RACEPARTICIPANT
SET DEFINE OFF;
Insert into BS708164LM20.RACEPARTICIPANT (IDRACEPARTICIPANT,POSITIONRACE,DIFLOOP,IDRACE,IDPILOTE,IDRACINGSTABLE,BESTTIMEQ1,BESTTIMEQ2,BESTTIMEQ3,RESULTTIMERACE) values ('47','1','0','4','4','2','+00 00:01:43.587000','+00 00:01:42.538000','+00 00:01:42.519000','+00 01:23:45.710000');
Insert into BS708164LM20.RACEPARTICIPANT (IDRACEPARTICIPANT,POSITIONRACE,DIFLOOP,IDRACE,IDPILOTE,IDRACINGSTABLE,BESTTIMEQ1,BESTTIMEQ2,BESTTIMEQ3,RESULTTIMERACE) values ('54','2','0','4','1','1','+00 00:01:45.260000','+00 00:01:43.592000','+00 00:01:43.282000','+00 01:23:46.591000');
Insert into BS708164LM20.RACEPARTICIPANT (IDRACEPARTICIPANT,POSITIONRACE,DIFLOOP,IDRACE,IDPILOTE,IDRACINGSTABLE,BESTTIMEQ1,BESTTIMEQ2,BESTTIMEQ3,RESULTTIMERACE) values ('56','3','0','4','2','1','+00 00:01:45.141000','+00 00:01:43.980000','+00 00:01:43.415000','+00 01:23:58.295000');
Insert into BS708164LM20.RACEPARTICIPANT (IDRACEPARTICIPANT,POSITIONRACE,DIFLOOP,IDRACE,IDPILOTE,IDRACINGSTABLE,BESTTIMEQ1,BESTTIMEQ2,BESTTIMEQ3,RESULTTIMERACE) values ('58','4','0','4','5','2','+00 00:01:44.109000','+00 00:01:43.037000','+00 00:01:43.267000','+00 01:24:12.132000');
Insert into BS708164LM20.RACEPARTICIPANT (IDRACEPARTICIPANT,POSITIONRACE,DIFLOOP,IDRACE,IDPILOTE,IDRACINGSTABLE,BESTTIMEQ1,BESTTIMEQ2,BESTTIMEQ3,RESULTTIMERACE) values ('60','5','0','4','8','3','+00 00:01:45.528000','+00 00:01:45.799000','+00 00:00:00.000000','+00 01:25:07.035000');
Insert into BS708164LM20.RACEPARTICIPANT (IDRACEPARTICIPANT,POSITIONRACE,DIFLOOP,IDRACE,IDPILOTE,IDRACINGSTABLE,BESTTIMEQ1,BESTTIMEQ2,BESTTIMEQ3,RESULTTIMERACE) values ('83','6','0','4','10','7','+00 00:01:45.732000','+00 00:01:44.707000','+00 00:01:44.706000','+00 01:25:10.158000');
Insert into BS708164LM20.RACEPARTICIPANT (IDRACEPARTICIPANT,POSITIONRACE,DIFLOOP,IDRACE,IDPILOTE,IDRACINGSTABLE,BESTTIMEQ1,BESTTIMEQ2,BESTTIMEQ3,RESULTTIMERACE) values ('85','7','0','4','13','6','+00 00:01:46.518000','+00 00:00:00.000000','+00 00:00:00.000000','+00 01:25:15.367000');
Insert into BS708164LM20.RACEPARTICIPANT (IDRACEPARTICIPANT,POSITIONRACE,DIFLOOP,IDRACE,IDPILOTE,IDRACINGSTABLE,BESTTIMEQ1,BESTTIMEQ2,BESTTIMEQ3,RESULTTIMERACE) values ('88','8','0','4','14','5','+00 00:01:45.899000','+00 00:01:44.549000','+00 00:01:44.542000','+00 01:25:32.349000');
Insert into BS708164LM20.RACEPARTICIPANT (IDRACEPARTICIPANT,POSITIONRACE,DIFLOOP,IDRACE,IDPILOTE,IDRACINGSTABLE,BESTTIMEQ1,BESTTIMEQ2,BESTTIMEQ3,RESULTTIMERACE) values ('89','9','0','4','7','6','+00 00:01:46.435000','+00 00:00:00.000000','+00 00:00:00.000000','+00 01:25:34.878000');
Insert into BS708164LM20.RACEPARTICIPANT (IDRACEPARTICIPANT,POSITIONRACE,DIFLOOP,IDRACE,IDPILOTE,IDRACINGSTABLE,BESTTIMEQ1,BESTTIMEQ2,BESTTIMEQ3,RESULTTIMERACE) values ('91','10','0','4','15','7','+00 00:01:46.000000','+00 00:01:45.047000','+00 00:00:00.000000','+00 01:25:35.548000');
Insert into BS708164LM20.RACEPARTICIPANT (IDRACEPARTICIPANT,POSITIONRACE,DIFLOOP,IDRACE,IDPILOTE,IDRACINGSTABLE,BESTTIMEQ1,BESTTIMEQ2,BESTTIMEQ3,RESULTTIMERACE) values ('93','11','1','4','11','4','+00 00:01:46.154000','+00 00:01:44.847000','+00 00:00:00.000000','+00 01:23:00.748000');
Insert into BS708164LM20.RACEPARTICIPANT (IDRACEPARTICIPANT,POSITIONRACE,DIFLOOP,IDRACE,IDPILOTE,IDRACINGSTABLE,BESTTIMEQ1,BESTTIMEQ2,BESTTIMEQ3,RESULTTIMERACE) values ('96','12','1','4','16','9','+00 00:01:45.839000','+00 00:01:44.738000','+00 00:01:45.086000','+00 01:23:52.410000');
Insert into BS708164LM20.RACEPARTICIPANT (IDRACEPARTICIPANT,POSITIONRACE,DIFLOOP,IDRACE,IDPILOTE,IDRACINGSTABLE,BESTTIMEQ1,BESTTIMEQ2,BESTTIMEQ3,RESULTTIMERACE) values ('98','13','1','4','18','9','+00 00:01:45.594000','+00 00:01:44.797000','+00 00:00:00.000000','+00 01:23:59.388000');
Insert into BS708164LM20.RACEPARTICIPANT (IDRACEPARTICIPANT,POSITIONRACE,DIFLOOP,IDRACE,IDPILOTE,IDRACINGSTABLE,BESTTIMEQ1,BESTTIMEQ2,BESTTIMEQ3,RESULTTIMERACE) values ('100','14','1','4','9','5','+00 00:01:45.560000','+00 00:01:44.103000','+00 00:01:44.257000','+00 01:24:08.466000');
Insert into BS708164LM20.RACEPARTICIPANT (IDRACEPARTICIPANT,POSITIONRACE,DIFLOOP,IDRACE,IDPILOTE,IDRACINGSTABLE,BESTTIMEQ1,BESTTIMEQ2,BESTTIMEQ3,RESULTTIMERACE) values ('101','15','1','4','20','10','+00 00:01:47.548000','+00 00:00:00.000000','+00 00:00:00.000000','+00 01:24:17.253000');
Insert into BS708164LM20.RACEPARTICIPANT (IDRACEPARTICIPANT,POSITIONRACE,DIFLOOP,IDRACE,IDPILOTE,IDRACINGSTABLE,BESTTIMEQ1,BESTTIMEQ2,BESTTIMEQ3,RESULTTIMERACE) values ('102','16','1','4','12','8','+00 00:01:45.842000','+00 00:01:44.140000','+00 00:01:44.557000','+00 01:24:29.427000');
Insert into BS708164LM20.RACEPARTICIPANT (IDRACEPARTICIPANT,POSITIONRACE,DIFLOOP,IDRACE,IDPILOTE,IDRACINGSTABLE,BESTTIMEQ1,BESTTIMEQ2,BESTTIMEQ3,RESULTTIMERACE) values ('103','17','1','4','19','10','+00 00:00:00.000000','+00 00:00:00.000000','+00 00:00:00.000000','+00 01:24:33.961000');
Insert into BS708164LM20.RACEPARTICIPANT (IDRACEPARTICIPANT,POSITIONRACE,DIFLOOP,IDRACE,IDPILOTE,IDRACINGSTABLE,BESTTIMEQ1,BESTTIMEQ2,BESTTIMEQ3,RESULTTIMERACE) values ('104','18','2','4','17','8','+00 00:01:45.637000','+00 00:00:00.000000','+00 00:00:00.000000','+00 00:00:00.000000');
Insert into BS708164LM20.RACEPARTICIPANT (IDRACEPARTICIPANT,POSITIONRACE,DIFLOOP,IDRACE,IDPILOTE,IDRACINGSTABLE,BESTTIMEQ1,BESTTIMEQ2,BESTTIMEQ3,RESULTTIMERACE) values ('105','19','43','4','6','4','+00 00:01:46.507000','+00 00:00:00.000000','+00 00:00:00.000000','+00 00:00:00.000000');
Insert into BS708164LM20.RACEPARTICIPANT (IDRACEPARTICIPANT,POSITIONRACE,DIFLOOP,IDRACE,IDPILOTE,IDRACINGSTABLE,BESTTIMEQ1,BESTTIMEQ2,BESTTIMEQ3,RESULTTIMERACE) values ('106','20','44','4','3','3','+00 00:01:44.622000','+00 00:01:44.132000','+00 00:01:43.690000','+00 00:00:00.000000');
Insert into BS708164LM20.RACEPARTICIPANT (IDRACEPARTICIPANT,POSITIONRACE,DIFLOOP,IDRACE,IDPILOTE,IDRACINGSTABLE,BESTTIMEQ1,BESTTIMEQ2,BESTTIMEQ3,RESULTTIMERACE) values ('107','1','0','7','1','1','+00 00:01:33.230000','+00 00:01:33.134000','+00 00:01:32.030000','+00 01:33:38.992000');
Insert into BS708164LM20.RACEPARTICIPANT (IDRACEPARTICIPANT,POSITIONRACE,DIFLOOP,IDRACE,IDPILOTE,IDRACINGSTABLE,BESTTIMEQ1,BESTTIMEQ2,BESTTIMEQ3,RESULTTIMERACE) values ('108','2','0','7','2','1','+00 00:01:33.413000','+00 00:01:33.281000','+00 00:01:33.632000','+00 01:33:42.821000');
Insert into BS708164LM20.RACEPARTICIPANT (IDRACEPARTICIPANT,POSITIONRACE,DIFLOOP,IDRACE,IDPILOTE,IDRACINGSTABLE,BESTTIMEQ1,BESTTIMEQ2,BESTTIMEQ3,RESULTTIMERACE) values ('109','3','0','7','4','2','+00 00:01:33.613000','+00 00:01:32.434000','+00 00:01:31.628000','+00 01:33:44.204000');
Insert into BS708164LM20.RACEPARTICIPANT (IDRACEPARTICIPANT,POSITIONRACE,DIFLOOP,IDRACE,IDPILOTE,IDRACINGSTABLE,BESTTIMEQ1,BESTTIMEQ2,BESTTIMEQ3,RESULTTIMERACE) values ('111','4','0','7','3','3','+00 00:01:33.368000','+00 00:01:32.634000','+00 00:01:32.310000','+00 01:33:53.202000');
Insert into BS708164LM20.RACEPARTICIPANT (IDRACEPARTICIPANT,POSITIONRACE,DIFLOOP,IDRACE,IDPILOTE,IDRACINGSTABLE,BESTTIMEQ1,BESTTIMEQ2,BESTTIMEQ3,RESULTTIMERACE) values ('112','5','0','7','8','3','+00 00:01:39.197000','+00 00:00:00.000000','+00 00:00:00.000000','+00 01:34:17.340000');
Insert into BS708164LM20.RACEPARTICIPANT (IDRACEPARTICIPANT,POSITIONRACE,DIFLOOP,IDRACE,IDPILOTE,IDRACINGSTABLE,BESTTIMEQ1,BESTTIMEQ2,BESTTIMEQ3,RESULTTIMERACE) values ('113','6','0','7','6','4','+00 00:01:34.184000','+00 00:01:33.807000','+00 00:01:33.222000','+00 01:34:24.881000');
Insert into BS708164LM20.RACEPARTICIPANT (IDRACEPARTICIPANT,POSITIONRACE,DIFLOOP,IDRACE,IDPILOTE,IDRACINGSTABLE,BESTTIMEQ1,BESTTIMEQ2,BESTTIMEQ3,RESULTTIMERACE) values ('114','7','0','7','10','7','+00 00:01:34.336000','+00 00:01:33.958000','+00 00:00:00.000000','+00 01:34:27.720000');
Insert into BS708164LM20.RACEPARTICIPANT (IDRACEPARTICIPANT,POSITIONRACE,DIFLOOP,IDRACE,IDPILOTE,IDRACINGSTABLE,BESTTIMEQ1,BESTTIMEQ2,BESTTIMEQ3,RESULTTIMERACE) values ('115','8','0','7','11','4','+00 00:01:34.201000','+00 00:01:33.725000','+00 00:01:33.301000','+00 01:34:36.741000');
Insert into BS708164LM20.RACEPARTICIPANT (IDRACEPARTICIPANT,POSITIONRACE,DIFLOOP,IDRACE,IDPILOTE,IDRACINGSTABLE,BESTTIMEQ1,BESTTIMEQ2,BESTTIMEQ3,RESULTTIMERACE) values ('116','9','0','7','16','9','+00 00:01:33.889000','+00 00:01:34.082000','+00 00:00:00.000000','+00 01:34:37.771000');
Insert into BS708164LM20.RACEPARTICIPANT (IDRACEPARTICIPANT,POSITIONRACE,DIFLOOP,IDRACE,IDPILOTE,IDRACINGSTABLE,BESTTIMEQ1,BESTTIMEQ2,BESTTIMEQ3,RESULTTIMERACE) values ('119','10','0','7','14','5','+00 00:01:34.236000','+00 00:01:33.989000','+00 00:01:33.289000','+00 01:34:38.833000');
Insert into BS708164LM20.RACEPARTICIPANT (IDRACEPARTICIPANT,POSITIONRACE,DIFLOOP,IDRACE,IDPILOTE,IDRACINGSTABLE,BESTTIMEQ1,BESTTIMEQ2,BESTTIMEQ3,RESULTTIMERACE) values ('120','11','0','7','15','7','+00 00:01:34.287000','+00 00:01:34.233000','+00 00:00:00.000000','+00 01:34:39.813000');
Insert into BS708164LM20.RACEPARTICIPANT (IDRACEPARTICIPANT,POSITIONRACE,DIFLOOP,IDRACE,IDPILOTE,IDRACINGSTABLE,BESTTIMEQ1,BESTTIMEQ2,BESTTIMEQ3,RESULTTIMERACE) values ('121','12','0','7','13','6','+00 00:00:00.000000','+00 00:00:00.000000','+00 00:00:00.000000','+00 01:34:41.488000');
Insert into BS708164LM20.RACEPARTICIPANT (IDRACEPARTICIPANT,POSITIONRACE,DIFLOOP,IDRACE,IDPILOTE,IDRACINGSTABLE,BESTTIMEQ1,BESTTIMEQ2,BESTTIMEQ3,RESULTTIMERACE) values ('122','13','0','7','12','8','+00 00:01:34.840000','+00 00:00:00.000000','+00 00:00:00.000000','+00 01:34:47.902000');
Insert into BS708164LM20.RACEPARTICIPANT (IDRACEPARTICIPANT,POSITIONRACE,DIFLOOP,IDRACE,IDPILOTE,IDRACINGSTABLE,BESTTIMEQ1,BESTTIMEQ2,BESTTIMEQ3,RESULTTIMERACE) values ('123','14','0','7','7','6','+00 00:01:34.456000','+00 00:01:33.950000','+00 00:00:00.000000','+00 01:34:49.068000');
Insert into BS708164LM20.RACEPARTICIPANT (IDRACEPARTICIPANT,POSITIONRACE,DIFLOOP,IDRACE,IDPILOTE,IDRACINGSTABLE,BESTTIMEQ1,BESTTIMEQ2,BESTTIMEQ3,RESULTTIMERACE) values ('124','15','0','7','17','8','+00 00:01:34.755000','+00 00:01:34.037000','+00 00:00:00.000000','+00 01:34:52.338000');
Insert into BS708164LM20.RACEPARTICIPANT (IDRACEPARTICIPANT,POSITIONRACE,DIFLOOP,IDRACE,IDPILOTE,IDRACINGSTABLE,BESTTIMEQ1,BESTTIMEQ2,BESTTIMEQ3,RESULTTIMERACE) values ('125','16','25','7','19','10','+00 00:01:36.474000','+00 00:00:00.000000','+00 00:00:00.000000','+00 00:00:00.000000');
Insert into BS708164LM20.RACEPARTICIPANT (IDRACEPARTICIPANT,POSITIONRACE,DIFLOOP,IDRACE,IDPILOTE,IDRACINGSTABLE,BESTTIMEQ1,BESTTIMEQ2,BESTTIMEQ3,RESULTTIMERACE) values ('126','17','26','7','20','10','+00 00:01:35.356000','+00 00:00:00.000000','+00 00:00:00.000000','+00 00:00:00.000000');
Insert into BS708164LM20.RACEPARTICIPANT (IDRACEPARTICIPANT,POSITIONRACE,DIFLOOP,IDRACE,IDPILOTE,IDRACINGSTABLE,BESTTIMEQ1,BESTTIMEQ2,BESTTIMEQ3,RESULTTIMERACE) values ('127','18','27','7','5','2','+00 00:01:33.032000','+00 00:01:32.536000','+00 00:01:32.053000','+00 00:00:00.000000');
Insert into BS708164LM20.RACEPARTICIPANT (IDRACEPARTICIPANT,POSITIONRACE,DIFLOOP,IDRACE,IDPILOTE,IDRACINGSTABLE,BESTTIMEQ1,BESTTIMEQ2,BESTTIMEQ3,RESULTTIMERACE) values ('128','19','29','7','9','5','+00 00:01:34.138000','+00 00:01:33.862000','+00 00:01:33.661000','+00 00:00:00.000000');
Insert into BS708164LM20.RACEPARTICIPANT (IDRACEPARTICIPANT,POSITIONRACE,DIFLOOP,IDRACE,IDPILOTE,IDRACINGSTABLE,BESTTIMEQ1,BESTTIMEQ2,BESTTIMEQ3,RESULTTIMERACE) values ('129','20','53','7','18','9','+00 00:01:34.283000','+00 00:01:33.643000','+00 00:01:33.517000','+00 00:00:00.000000');
Insert into BS708164LM20.RACEPARTICIPANT (IDRACEPARTICIPANT,POSITIONRACE,DIFLOOP,IDRACE,IDPILOTE,IDRACINGSTABLE,BESTTIMEQ1,BESTTIMEQ2,BESTTIMEQ3,RESULTTIMERACE) values ('1','1','0','1','1','1','+00 00:01:25.513000','+00 00:01:25.840000','+00 00:01:25.093000','+00 01:21:08.452000');
Insert into BS708164LM20.RACEPARTICIPANT (IDRACEPARTICIPANT,POSITIONRACE,DIFLOOP,IDRACE,IDPILOTE,IDRACINGSTABLE,BESTTIMEQ1,BESTTIMEQ2,BESTTIMEQ3,RESULTTIMERACE) values ('2','2','0','1','2','1','+00 00:01:25.750000','+00 00:01:25.672000','+00 00:01:25.099000','+00 01:21:33.380000');
Insert into BS708164LM20.RACEPARTICIPANT (IDRACEPARTICIPANT,POSITIONRACE,DIFLOOP,IDRACE,IDPILOTE,IDRACINGSTABLE,BESTTIMEQ1,BESTTIMEQ2,BESTTIMEQ3,RESULTTIMERACE) values ('3','3','0','1','4','2','+00 00:01:25.533000','+00 00:01:25.546000','+00 00:01:25.172000','+00 01:21:38.569000');
Insert into BS708164LM20.RACEPARTICIPANT (IDRACEPARTICIPANT,POSITIONRACE,DIFLOOP,IDRACE,IDPILOTE,IDRACINGSTABLE,BESTTIMEQ1,BESTTIMEQ2,BESTTIMEQ3,RESULTTIMERACE) values ('4','4','0','1','7','3','+00 00:01:26.273000','+00 00:01:26.038000','+00 00:01:25.590000','+00 01:21:43.144000');
Insert into BS708164LM20.RACEPARTICIPANT (IDRACEPARTICIPANT,POSITIONRACE,DIFLOOP,IDRACE,IDPILOTE,IDRACINGSTABLE,BESTTIMEQ1,BESTTIMEQ2,BESTTIMEQ3,RESULTTIMERACE) values ('5','5','0','1','3','3','+00 00:01:25.700000','+00 00:01:25.848000','+00 00:01:25.276000','+00 01:21:47.910000');
Insert into BS708164LM20.RACEPARTICIPANT (IDRACEPARTICIPANT,POSITIONRACE,DIFLOOP,IDRACE,IDPILOTE,IDRACINGSTABLE,BESTTIMEQ1,BESTTIMEQ2,BESTTIMEQ3,RESULTTIMERACE) values ('6','6','0','1','6','4','+00 00:01:26.203000','+00 00:01:26.578000','+00 00:00:00.000000','+00 01:22:02.091000');
Insert into BS708164LM20.RACEPARTICIPANT (IDRACEPARTICIPANT,POSITIONRACE,DIFLOOP,IDRACE,IDPILOTE,IDRACINGSTABLE,BESTTIMEQ1,BESTTIMEQ2,BESTTIMEQ3,RESULTTIMERACE) values ('7','7','0','1','9','5','+00 00:01:26.428000','+00 00:01:26.283000','+00 00:01:26.182000','+00 01:22:02.853000');
Insert into BS708164LM20.RACEPARTICIPANT (IDRACEPARTICIPANT,POSITIONRACE,DIFLOOP,IDRACE,IDPILOTE,IDRACINGSTABLE,BESTTIMEQ1,BESTTIMEQ2,BESTTIMEQ3,RESULTTIMERACE) values ('8','8','0','1','12','8','+00 00:01:26.558000','+00 00:01:26.546000','+00 00:00:00.000000','+00 01:22:13.992000');
Insert into BS708164LM20.RACEPARTICIPANT (IDRACEPARTICIPANT,POSITIONRACE,DIFLOOP,IDRACE,IDPILOTE,IDRACINGSTABLE,BESTTIMEQ1,BESTTIMEQ2,BESTTIMEQ3,RESULTTIMERACE) values ('9','9','0','1','13','6','+00 00:01:26.721000','+00 00:00:00.000000','+00 00:00:00.000000','+00 01:22:15.572000');
Insert into BS708164LM20.RACEPARTICIPANT (IDRACEPARTICIPANT,POSITIONRACE,DIFLOOP,IDRACE,IDPILOTE,IDRACINGSTABLE,BESTTIMEQ1,BESTTIMEQ2,BESTTIMEQ3,RESULTTIMERACE) values ('10','10','0','1','14','5','+00 00:01:26.568000','+00 00:01:26.397000','+00 00:01:26.386000','+00 01:22:21.185000');
Insert into BS708164LM20.RACEPARTICIPANT (IDRACEPARTICIPANT,POSITIONRACE,DIFLOOP,IDRACE,IDPILOTE,IDRACINGSTABLE,BESTTIMEQ1,BESTTIMEQ2,BESTTIMEQ3,RESULTTIMERACE) values ('11','11','0','1','11','4','+00 00:01:26.079000','+00 00:01:26.385000','+00 00:01:26.224000','+00 01:22:22.733000');
Insert into BS708164LM20.RACEPARTICIPANT (IDRACEPARTICIPANT,POSITIONRACE,DIFLOOP,IDRACE,IDPILOTE,IDRACINGSTABLE,BESTTIMEQ1,BESTTIMEQ2,BESTTIMEQ3,RESULTTIMERACE) values ('12','12','0','1','8','6','+00 00:01:26.482000','+00 00:01:26.403000','+00 00:01:26.345000','+00 01:22:24.069000');
Insert into BS708164LM20.RACEPARTICIPANT (IDRACEPARTICIPANT,POSITIONRACE,DIFLOOP,IDRACE,IDPILOTE,IDRACINGSTABLE,BESTTIMEQ1,BESTTIMEQ2,BESTTIMEQ3,RESULTTIMERACE) values ('13','13','0','1','15','7','+00 00:01:26.762000','+00 00:00:00.000000','+00 00:00:00.000000','+00 01:22:29.538000');
Insert into BS708164LM20.RACEPARTICIPANT (IDRACEPARTICIPANT,POSITIONRACE,DIFLOOP,IDRACE,IDPILOTE,IDRACINGSTABLE,BESTTIMEQ1,BESTTIMEQ2,BESTTIMEQ3,RESULTTIMERACE) values ('14','14','1','1','20','10','+00 00:01:27.789000','+00 00:00:00.000000','+00 00:00:00.000000','+00 01:21:23.858000');
Insert into BS708164LM20.RACEPARTICIPANT (IDRACEPARTICIPANT,POSITIONRACE,DIFLOOP,IDRACE,IDPILOTE,IDRACINGSTABLE,BESTTIMEQ1,BESTTIMEQ2,BESTTIMEQ3,RESULTTIMERACE) values ('15','15','1','1','19','10','+00 00:01:28.257000','+00 00:00:00.000000','+00 00:00:00.000000','+00 01:21:34.638000');
Insert into BS708164LM20.RACEPARTICIPANT (IDRACEPARTICIPANT,POSITIONRACE,DIFLOOP,IDRACE,IDPILOTE,IDRACINGSTABLE,BESTTIMEQ1,BESTTIMEQ2,BESTTIMEQ3,RESULTTIMERACE) values ('16','16','1','1','5','2','+00 00:01:25.898000','+00 00:01:26.023000','+00 00:01:25.787000','+00 01:21:34.913000');
Insert into BS708164LM20.RACEPARTICIPANT (IDRACEPARTICIPANT,POSITIONRACE,DIFLOOP,IDRACE,IDPILOTE,IDRACINGSTABLE,BESTTIMEQ1,BESTTIMEQ2,BESTTIMEQ3,RESULTTIMERACE) values ('17','17','1','1','10','7','+00 00:01:26.649000','+00 00:01:26.928000','+00 00:00:00.000000','+00 01:21:44.775000');
Insert into BS708164LM20.RACEPARTICIPANT (IDRACEPARTICIPANT,POSITIONRACE,DIFLOOP,IDRACE,IDPILOTE,IDRACINGSTABLE,BESTTIMEQ1,BESTTIMEQ2,BESTTIMEQ3,RESULTTIMERACE) values ('18','18','34','1','17','8','+00 00:01:26.449000','+00 00:01:26.519000','+00 00:00:00.000000','+00 00:00:00.000000');
Insert into BS708164LM20.RACEPARTICIPANT (IDRACEPARTICIPANT,POSITIONRACE,DIFLOOP,IDRACE,IDPILOTE,IDRACINGSTABLE,BESTTIMEQ1,BESTTIMEQ2,BESTTIMEQ3,RESULTTIMERACE) values ('19','19','43','1','18','9','+00 00:01:26.347000','+00 00:01:26.757000','+00 00:00:00.000000','+00 00:00:00.000000');
Insert into BS708164LM20.RACEPARTICIPANT (IDRACEPARTICIPANT,POSITIONRACE,DIFLOOP,IDRACE,IDPILOTE,IDRACINGSTABLE,BESTTIMEQ1,BESTTIMEQ2,BESTTIMEQ3,RESULTTIMERACE) values ('20','20','45','1','16','9','+00 00:01:26.662000','+00 00:00:00.000000','+00 00:00:00.000000','+00 00:00:00.000000');
Insert into BS708164LM20.RACEPARTICIPANT (IDRACEPARTICIPANT,POSITIONRACE,DIFLOOP,IDRACE,IDPILOTE,IDRACINGSTABLE,BESTTIMEQ1,BESTTIMEQ2,BESTTIMEQ3,RESULTTIMERACE) values ('48','1','0','5','4','2','+00 00:01:20.126000','+00 00:01:19.553000','+00 00:01:19.307000','+00 01:15:26.665000');
Insert into BS708164LM20.RACEPARTICIPANT (IDRACEPARTICIPANT,POSITIONRACE,DIFLOOP,IDRACE,IDPILOTE,IDRACINGSTABLE,BESTTIMEQ1,BESTTIMEQ2,BESTTIMEQ3,RESULTTIMERACE) values ('49','2','0','5','2','1','+00 00:01:20.156000','+00 00:01:20.018000','+00 00:01:19.354000','+00 01:15:27.500000');
Insert into BS708164LM20.RACEPARTICIPANT (IDRACEPARTICIPANT,POSITIONRACE,DIFLOOP,IDRACE,IDPILOTE,IDRACINGSTABLE,BESTTIMEQ1,BESTTIMEQ2,BESTTIMEQ3,RESULTTIMERACE) values ('50','3','0','5','1','1','+00 00:01:20.272000','+00 00:01:19.464000','+00 00:01:19.346000','+00 01:16:01.864000');
Insert into BS708164LM20.RACEPARTICIPANT (IDRACEPARTICIPANT,POSITIONRACE,DIFLOOP,IDRACE,IDPILOTE,IDRACINGSTABLE,BESTTIMEQ1,BESTTIMEQ2,BESTTIMEQ3,RESULTTIMERACE) values ('51','4','0','5','9','5','+00 00:01:20.374000','+00 00:01:19.833000','+00 00:01:19.839000','+00 01:16:12.180000');
Insert into BS708164LM20.RACEPARTICIPANT (IDRACEPARTICIPANT,POSITIONRACE,DIFLOOP,IDRACE,IDPILOTE,IDRACINGSTABLE,BESTTIMEQ1,BESTTIMEQ2,BESTTIMEQ3,RESULTTIMERACE) values ('52','5','0','5','14','5','+00 00:01:20.155000','+00 00:01:20.275000','+00 00:01:20.049000','+00 01:16:24.830000');
Insert into BS708164LM20.RACEPARTICIPANT (IDRACEPARTICIPANT,POSITIONRACE,DIFLOOP,IDRACE,IDPILOTE,IDRACINGSTABLE,BESTTIMEQ1,BESTTIMEQ2,BESTTIMEQ3,RESULTTIMERACE) values ('53','6','0','5','8','3','+00 00:01:20.382000','+00 00:01:20.021000','+00 00:00:00.000000','+00 01:16:25.980000');
Insert into BS708164LM20.RACEPARTICIPANT (IDRACEPARTICIPANT,POSITIONRACE,DIFLOOP,IDRACE,IDPILOTE,IDRACINGSTABLE,BESTTIMEQ1,BESTTIMEQ2,BESTTIMEQ3,RESULTTIMERACE) values ('55','7','0','5','10','7','+00 00:01:21.291000','+00 00:00:00.000000','+00 00:00:00.000000','+00 01:16:40.467000');
Insert into BS708164LM20.RACEPARTICIPANT (IDRACEPARTICIPANT,POSITIONRACE,DIFLOOP,IDRACE,IDPILOTE,IDRACINGSTABLE,BESTTIMEQ1,BESTTIMEQ2,BESTTIMEQ3,RESULTTIMERACE) values ('57','8','0','5','3','3','+00 00:00:00.000000','+00 00:00:00.000000','+00 00:00:00.000000','+00 01:16:41.157000');
Insert into BS708164LM20.RACEPARTICIPANT (IDRACEPARTICIPANT,POSITIONRACE,DIFLOOP,IDRACE,IDPILOTE,IDRACINGSTABLE,BESTTIMEQ1,BESTTIMEQ2,BESTTIMEQ3,RESULTTIMERACE) values ('59','9','1','5','17','8','+00 00:01:20.657000','+00 00:01:20.517000','+00 00:00:00.000000','+00 01:15:29.573000');
Insert into BS708164LM20.RACEPARTICIPANT (IDRACEPARTICIPANT,POSITIONRACE,DIFLOOP,IDRACE,IDPILOTE,IDRACINGSTABLE,BESTTIMEQ1,BESTTIMEQ2,BESTTIMEQ3,RESULTTIMERACE) values ('61','10','1','5','11','4','+00 00:01:20.646000','+00 00:01:21.068000','+00 00:00:00.000000','+00 01:15:31.085000');
Insert into BS708164LM20.RACEPARTICIPANT (IDRACEPARTICIPANT,POSITIONRACE,DIFLOOP,IDRACE,IDPILOTE,IDRACINGSTABLE,BESTTIMEQ1,BESTTIMEQ2,BESTTIMEQ3,RESULTTIMERACE) values ('62','11','1','5','7','6','+00 00:01:20.508000','+00 00:01:21.125000','+00 00:00:00.000000','+00 01:15:32.904000');
Insert into BS708164LM20.RACEPARTICIPANT (IDRACEPARTICIPANT,POSITIONRACE,DIFLOOP,IDRACE,IDPILOTE,IDRACINGSTABLE,BESTTIMEQ1,BESTTIMEQ2,BESTTIMEQ3,RESULTTIMERACE) values ('84','12','1','5','15','7','+00 00:01:20.643000','+00 00:01:20.498000','+00 00:00:00.000000','+00 01:15:45.782000');
Insert into BS708164LM20.RACEPARTICIPANT (IDRACEPARTICIPANT,POSITIONRACE,DIFLOOP,IDRACE,IDPILOTE,IDRACINGSTABLE,BESTTIMEQ1,BESTTIMEQ2,BESTTIMEQ3,RESULTTIMERACE) values ('86','13','1','5','5','2','+00 00:01:20.378000','+00 00:01:19.715000','+00 00:01:19.457000','+00 01:16:05.752000');
Insert into BS708164LM20.RACEPARTICIPANT (IDRACEPARTICIPANT,POSITIONRACE,DIFLOOP,IDRACE,IDPILOTE,IDRACINGSTABLE,BESTTIMEQ1,BESTTIMEQ2,BESTTIMEQ3,RESULTTIMERACE) values ('87','14','1','5','20','10','+00 00:01:21.800000','+00 00:00:00.000000','+00 00:00:00.000000','+00 01:16:07.435000');
Insert into BS708164LM20.RACEPARTICIPANT (IDRACEPARTICIPANT,POSITIONRACE,DIFLOOP,IDRACE,IDPILOTE,IDRACINGSTABLE,BESTTIMEQ1,BESTTIMEQ2,BESTTIMEQ3,RESULTTIMERACE) values ('90','15','1','5','12','8','+00 00:01:20.634000','+00 00:01:20.515000','+00 00:00:00.000000','+00 01:16:31.865000');
Insert into BS708164LM20.RACEPARTICIPANT (IDRACEPARTICIPANT,POSITIONRACE,DIFLOOP,IDRACE,IDPILOTE,IDRACINGSTABLE,BESTTIMEQ1,BESTTIMEQ2,BESTTIMEQ3,RESULTTIMERACE) values ('92','16','1','5','18','9','+00 00:01:20.784000','+00 00:00:00.000000','+00 00:00:00.000000','+00 01:16:41.740000');
Insert into BS708164LM20.RACEPARTICIPANT (IDRACEPARTICIPANT,POSITIONRACE,DIFLOOP,IDRACE,IDPILOTE,IDRACINGSTABLE,BESTTIMEQ1,BESTTIMEQ2,BESTTIMEQ3,RESULTTIMERACE) values ('94','17','2','5','19','10','+00 00:01:22.356000','+00 00:00:00.000000','+00 00:00:00.000000','+00 01:15:53.984000');
Insert into BS708164LM20.RACEPARTICIPANT (IDRACEPARTICIPANT,POSITIONRACE,DIFLOOP,IDRACE,IDPILOTE,IDRACINGSTABLE,BESTTIMEQ1,BESTTIMEQ2,BESTTIMEQ3,RESULTTIMERACE) values ('95','18','10','5','16','9','+00 00:01:20.616000','+00 00:01:20.615000','+00 00:00:00.000000','+00 00:00:00.000000');
Insert into BS708164LM20.RACEPARTICIPANT (IDRACEPARTICIPANT,POSITIONRACE,DIFLOOP,IDRACE,IDPILOTE,IDRACINGSTABLE,BESTTIMEQ1,BESTTIMEQ2,BESTTIMEQ3,RESULTTIMERACE) values ('97','19','24','5','13','6','+00 00:01:20.723000','+00 00:01:20.630000','+00 00:00:00.000000','+00 00:00:00.000000');
Insert into BS708164LM20.RACEPARTICIPANT (IDRACEPARTICIPANT,POSITIONRACE,DIFLOOP,IDRACE,IDPILOTE,IDRACINGSTABLE,BESTTIMEQ1,BESTTIMEQ2,BESTTIMEQ3,RESULTTIMERACE) values ('99','20','26','5','6','4','+00 00:01:20.413000','+00 00:01:20.202000','+00 00:01:20.455000','+00 00:00:00.000000');
Insert into BS708164LM20.RACEPARTICIPANT (IDRACEPARTICIPANT,POSITIONRACE,DIFLOOP,IDRACE,IDPILOTE,IDRACINGSTABLE,BESTTIMEQ1,BESTTIMEQ2,BESTTIMEQ3,RESULTTIMERACE) values ('110','1','0','6','5','2','+00 00:01:38.374000','+00 00:01:36.720000','+00 00:01:36.437000','+00 01:58:33.667000');
Insert into BS708164LM20.RACEPARTICIPANT (IDRACEPARTICIPANT,POSITIONRACE,DIFLOOP,IDRACE,IDPILOTE,IDRACINGSTABLE,BESTTIMEQ1,BESTTIMEQ2,BESTTIMEQ3,RESULTTIMERACE) values ('130','2','0','6','4','2','+00 00:01:38.014000','+00 00:01:36.650000','+00 00:01:36.217000','+00 01:58:36.308000');
Insert into BS708164LM20.RACEPARTICIPANT (IDRACEPARTICIPANT,POSITIONRACE,DIFLOOP,IDRACE,IDPILOTE,IDRACINGSTABLE,BESTTIMEQ1,BESTTIMEQ2,BESTTIMEQ3,RESULTTIMERACE) values ('131','3','0','6','3','3','+00 00:01:38.540000','+00 00:01:37.813000','+00 00:01:36.813000','+00 01:58:37.488000');
Insert into BS708164LM20.RACEPARTICIPANT (IDRACEPARTICIPANT,POSITIONRACE,DIFLOOP,IDRACE,IDPILOTE,IDRACINGSTABLE,BESTTIMEQ1,BESTTIMEQ2,BESTTIMEQ3,RESULTTIMERACE) values ('132','4','0','6','1','1','+00 00:01:37.565000','+00 00:01:36.933000','+00 00:01:36.408000','+00 01:58:38.275000');
Insert into BS708164LM20.RACEPARTICIPANT (IDRACEPARTICIPANT,POSITIONRACE,DIFLOOP,IDRACE,IDPILOTE,IDRACINGSTABLE,BESTTIMEQ1,BESTTIMEQ2,BESTTIMEQ3,RESULTTIMERACE) values ('133','5','0','6','2','1','+00 00:01:37.317000','+00 00:01:37.142000','+00 00:01:37.146000','+00 01:58:39.786000');
Insert into BS708164LM20.RACEPARTICIPANT (IDRACEPARTICIPANT,POSITIONRACE,DIFLOOP,IDRACE,IDPILOTE,IDRACINGSTABLE,BESTTIMEQ1,BESTTIMEQ2,BESTTIMEQ3,RESULTTIMERACE) values ('134','6','0','6','8','3','+00 00:01:39.106000','+00 00:01:37.865000','+00 00:01:37.411000','+00 01:58:45.330000');
Insert into BS708164LM20.RACEPARTICIPANT (IDRACEPARTICIPANT,POSITIONRACE,DIFLOOP,IDRACE,IDPILOTE,IDRACINGSTABLE,BESTTIMEQ1,BESTTIMEQ2,BESTTIMEQ3,RESULTTIMERACE) values ('135','7','0','6','11','4','+00 00:01:38.606000','+00 00:01:37.572000','+00 00:01:38.329000','+00 01:58:48.436000');
Insert into BS708164LM20.RACEPARTICIPANT (IDRACEPARTICIPANT,POSITIONRACE,DIFLOOP,IDRACE,IDPILOTE,IDRACINGSTABLE,BESTTIMEQ1,BESTTIMEQ2,BESTTIMEQ3,RESULTTIMERACE) values ('136','8','0','6','7','6','+00 00:01:39.085000','+00 00:01:38.699000','+00 00:00:00.000000','+00 01:58:49.214000');
Insert into BS708164LM20.RACEPARTICIPANT (IDRACEPARTICIPANT,POSITIONRACE,DIFLOOP,IDRACE,IDPILOTE,IDRACINGSTABLE,BESTTIMEQ1,BESTTIMEQ2,BESTTIMEQ3,RESULTTIMERACE) values ('137','9','0','6','14','5','+00 00:01:39.001000','+00 00:01:38.580000','+00 00:01:38.264000','+00 01:58:50.385000');
Insert into BS708164LM20.RACEPARTICIPANT (IDRACEPARTICIPANT,POSITIONRACE,DIFLOOP,IDRACE,IDPILOTE,IDRACINGSTABLE,BESTTIMEQ1,BESTTIMEQ2,BESTTIMEQ3,RESULTTIMERACE) values ('138','10','0','6','17','8','+00 00:01:39.272000','+00 00:01:38.697000','+00 00:00:00.000000','+00 01:59:01.522000');
Insert into BS708164LM20.RACEPARTICIPANT (IDRACEPARTICIPANT,POSITIONRACE,DIFLOOP,IDRACE,IDPILOTE,IDRACINGSTABLE,BESTTIMEQ1,BESTTIMEQ2,BESTTIMEQ3,RESULTTIMERACE) values ('139','11','0','6','18','9','+00 00:01:40.277000','+00 00:00:00.000000','+00 00:00:00.000000','+00 01:59:09.103000');
Insert into BS708164LM20.RACEPARTICIPANT (IDRACEPARTICIPANT,POSITIONRACE,DIFLOOP,IDRACE,IDPILOTE,IDRACINGSTABLE,BESTTIMEQ1,BESTTIMEQ2,BESTTIMEQ3,RESULTTIMERACE) values ('140','12','0','6','6','4','+00 00:01:38.882000','+00 00:01:37.982000','+00 00:01:37.818000','+00 01:59:09.641000');
Insert into BS708164LM20.RACEPARTICIPANT (IDRACEPARTICIPANT,POSITIONRACE,DIFLOOP,IDRACE,IDPILOTE,IDRACINGSTABLE,BESTTIMEQ1,BESTTIMEQ2,BESTTIMEQ3,RESULTTIMERACE) values ('141','13','0','6','15','7','+00 00:01:39.979000','+00 00:00:00.000000','+00 00:00:00.000000','+00 01:59:10.086000');
Insert into BS708164LM20.RACEPARTICIPANT (IDRACEPARTICIPANT,POSITIONRACE,DIFLOOP,IDRACE,IDPILOTE,IDRACINGSTABLE,BESTTIMEQ1,BESTTIMEQ2,BESTTIMEQ3,RESULTTIMERACE) values ('142','14','0','6','9','5','+00 00:01:39.362000','+00 00:01:38.399000','+00 00:01:38.095000','+00 01:59:11.327000');
Insert into BS708164LM20.RACEPARTICIPANT (IDRACEPARTICIPANT,POSITIONRACE,DIFLOOP,IDRACE,IDPILOTE,IDRACINGSTABLE,BESTTIMEQ1,BESTTIMEQ2,BESTTIMEQ3,RESULTTIMERACE) values ('143','15','0','6','13','6','+00 00:01:39.957000','+00 00:00:00.000000','+00 00:00:00.000000','+00 01:59:11.845000');
Insert into BS708164LM20.RACEPARTICIPANT (IDRACEPARTICIPANT,POSITIONRACE,DIFLOOP,IDRACE,IDPILOTE,IDRACINGSTABLE,BESTTIMEQ1,BESTTIMEQ2,BESTTIMEQ3,RESULTTIMERACE) values ('144','16','0','6','19','10','+00 00:01:40.186000','+00 00:00:00.000000','+00 00:00:00.000000','+00 01:59:20.691000');
Insert into BS708164LM20.RACEPARTICIPANT (IDRACEPARTICIPANT,POSITIONRACE,DIFLOOP,IDRACE,IDPILOTE,IDRACINGSTABLE,BESTTIMEQ1,BESTTIMEQ2,BESTTIMEQ3,RESULTTIMERACE) values ('145','17','0','6','16','9','+00 00:01:39.942000','+00 00:00:00.000000','+00 00:00:00.000000','+00 02:00:00.189000');
Insert into BS708164LM20.RACEPARTICIPANT (IDRACEPARTICIPANT,POSITIONRACE,DIFLOOP,IDRACE,IDPILOTE,IDRACINGSTABLE,BESTTIMEQ1,BESTTIMEQ2,BESTTIMEQ3,RESULTTIMERACE) values ('146','18','12','6','12','8','+00 00:01:39.454000','+00 00:01:38.858000','+00 00:00:00.000000','+00 00:00:00.000000');
Insert into BS708164LM20.RACEPARTICIPANT (IDRACEPARTICIPANT,POSITIONRACE,DIFLOOP,IDRACE,IDPILOTE,IDRACINGSTABLE,BESTTIMEQ1,BESTTIMEQ2,BESTTIMEQ3,RESULTTIMERACE) values ('147','19','19','6','10','7','+00 00:01:39.909000','+00 00:01:38.620000','+00 00:00:00.000000','+00 00:00:00.000000');
Insert into BS708164LM20.RACEPARTICIPANT (IDRACEPARTICIPANT,POSITIONRACE,DIFLOOP,IDRACE,IDPILOTE,IDRACINGSTABLE,BESTTIMEQ1,BESTTIMEQ2,BESTTIMEQ3,RESULTTIMERACE) values ('148','20','27','6','20','10','+00 00:01:40.867000','+00 00:00:00.000000','+00 00:00:00.000000','+00 00:00:00.000000');
Insert into BS708164LM20.RACEPARTICIPANT (IDRACEPARTICIPANT,POSITIONRACE,DIFLOOP,IDRACE,IDPILOTE,IDRACINGSTABLE,BESTTIMEQ1,BESTTIMEQ2,BESTTIMEQ3,RESULTTIMERACE) values ('27','1','0','2','3','3','+00 00:01:12.593000','+00 00:01:12.427000','+00 00:01:12.113000','+00 01:44:31.275000');
Insert into BS708164LM20.RACEPARTICIPANT (IDRACEPARTICIPANT,POSITIONRACE,DIFLOOP,IDRACE,IDPILOTE,IDRACINGSTABLE,BESTTIMEQ1,BESTTIMEQ2,BESTTIMEQ3,RESULTTIMERACE) values ('28','2','0','2','5','2','+00 00:00:00.000000','+00 00:00:00.000000','+00 00:00:00.000000','+00 01:44:38.608000');
Insert into BS708164LM20.RACEPARTICIPANT (IDRACEPARTICIPANT,POSITIONRACE,DIFLOOP,IDRACE,IDPILOTE,IDRACINGSTABLE,BESTTIMEQ1,BESTTIMEQ2,BESTTIMEQ3,RESULTTIMERACE) values ('29','3','0','2','13','6','+00 00:01:13.278000','+00 00:01:13.135000','+00 00:00:00.000000','+00 01:44:39.580000');
Insert into BS708164LM20.RACEPARTICIPANT (IDRACEPARTICIPANT,POSITIONRACE,DIFLOOP,IDRACE,IDPILOTE,IDRACINGSTABLE,BESTTIMEQ1,BESTTIMEQ2,BESTTIMEQ3,RESULTTIMERACE) values ('30','4','0','2','15','7','+00 00:01:13.256000','+00 00:00:00.000000','+00 00:00:00.000000','+00 01:44:40.241000');
Insert into BS708164LM20.RACEPARTICIPANT (IDRACEPARTICIPANT,POSITIONRACE,DIFLOOP,IDRACE,IDPILOTE,IDRACINGSTABLE,BESTTIMEQ1,BESTTIMEQ2,BESTTIMEQ3,RESULTTIMERACE) values ('31','5','0','2','6','4','+00 00:01:13.221000','+00 00:01:12.632000','+00 00:01:12.897000','+00 01:44:40.858000');
Insert into BS708164LM20.RACEPARTICIPANT (IDRACEPARTICIPANT,POSITIONRACE,DIFLOOP,IDRACE,IDPILOTE,IDRACINGSTABLE,BESTTIMEQ1,BESTTIMEQ2,BESTTIMEQ3,RESULTTIMERACE) values ('32','6','0','2','8','6','+00 00:01:13.461000','+00 00:00:00.000000','+00 00:00:00.000000','+00 01:44:41.327000');
Insert into BS708164LM20.RACEPARTICIPANT (IDRACEPARTICIPANT,POSITIONRACE,DIFLOOP,IDRACE,IDPILOTE,IDRACINGSTABLE,BESTTIMEQ1,BESTTIMEQ2,BESTTIMEQ3,RESULTTIMERACE) values ('33','7','0','2','18','9','+00 00:01:13.146000','+00 00:01:12.769000','+00 00:01:12.851000','+00 01:44:48.113000');
Insert into BS708164LM20.RACEPARTICIPANT (IDRACEPARTICIPANT,POSITIONRACE,DIFLOOP,IDRACE,IDPILOTE,IDRACINGSTABLE,BESTTIMEQ1,BESTTIMEQ2,BESTTIMEQ3,RESULTTIMERACE) values ('34','8','0','2','16','9','+00 00:01:13.103000','+00 00:01:12.789000','+00 00:00:00.000000','+00 01:44:50.040000');
Insert into BS708164LM20.RACEPARTICIPANT (IDRACEPARTICIPANT,POSITIONRACE,DIFLOOP,IDRACE,IDPILOTE,IDRACINGSTABLE,BESTTIMEQ1,BESTTIMEQ2,BESTTIMEQ3,RESULTTIMERACE) values ('35','9','0','2','1','1','+00 00:01:12.852000','+00 00:01:12.149000','+00 00:01:11.767000','+00 01:44:50.942000');
Insert into BS708164LM20.RACEPARTICIPANT (IDRACEPARTICIPANT,POSITIONRACE,DIFLOOP,IDRACE,IDPILOTE,IDRACINGSTABLE,BESTTIMEQ1,BESTTIMEQ2,BESTTIMEQ3,RESULTTIMERACE) values ('36','10','0','2','19','10','+00 00:01:14.839000','+00 00:00:00.000000','+00 00:00:00.000000','+00 01:44:56.262000');
Insert into BS708164LM20.RACEPARTICIPANT (IDRACEPARTICIPANT,POSITIONRACE,DIFLOOP,IDRACE,IDPILOTE,IDRACINGSTABLE,BESTTIMEQ1,BESTTIMEQ2,BESTTIMEQ3,RESULTTIMERACE) values ('37','11','0','2','20','10','+00 00:01:14.721000','+00 00:00:00.000000','+00 00:00:00.000000','+00 01:44:57.679000');
Insert into BS708164LM20.RACEPARTICIPANT (IDRACEPARTICIPANT,POSITIONRACE,DIFLOOP,IDRACE,IDPILOTE,IDRACINGSTABLE,BESTTIMEQ1,BESTTIMEQ2,BESTTIMEQ3,RESULTTIMERACE) values ('38','12','0','2','12','8','+00 00:01:13.066000','+00 00:01:12.519000','+00 00:01:12.538000','+00 01:45:43.489000');
Insert into BS708164LM20.RACEPARTICIPANT (IDRACEPARTICIPANT,POSITIONRACE,DIFLOOP,IDRACE,IDPILOTE,IDRACINGSTABLE,BESTTIMEQ1,BESTTIMEQ2,BESTTIMEQ3,RESULTTIMERACE) values ('39','13','0','2','17','8','+00 00:01:13.170000','+00 00:01:12.786000','+00 00:00:00.000000','+00 01:45:45.124000');
Insert into BS708164LM20.RACEPARTICIPANT (IDRACEPARTICIPANT,POSITIONRACE,DIFLOOP,IDRACE,IDPILOTE,IDRACINGSTABLE,BESTTIMEQ1,BESTTIMEQ2,BESTTIMEQ3,RESULTTIMERACE) values ('40','14','3','2','7','3','+00 00:01:12.991000','+00 00:01:12.385000','+00 00:01:12.522000','+00 00:00:00.000000');
Insert into BS708164LM20.RACEPARTICIPANT (IDRACEPARTICIPANT,POSITIONRACE,DIFLOOP,IDRACE,IDPILOTE,IDRACINGSTABLE,BESTTIMEQ1,BESTTIMEQ2,BESTTIMEQ3,RESULTTIMERACE) values ('41','15','8','2','2','1','+00 00:01:13.075000','+00 00:01:12.424000','+00 00:01:12.129000','+00 00:00:00.000000');
Insert into BS708164LM20.RACEPARTICIPANT (IDRACEPARTICIPANT,POSITIONRACE,DIFLOOP,IDRACE,IDPILOTE,IDRACINGSTABLE,BESTTIMEQ1,BESTTIMEQ2,BESTTIMEQ3,RESULTTIMERACE) values ('42','16','25','2','14','5','+00 00:01:13.186000','+00 00:01:12.766000','+00 00:01:13.126000','+00 00:00:00.000000');
Insert into BS708164LM20.RACEPARTICIPANT (IDRACEPARTICIPANT,POSITIONRACE,DIFLOOP,IDRACE,IDPILOTE,IDRACINGSTABLE,BESTTIMEQ1,BESTTIMEQ2,BESTTIMEQ3,RESULTTIMERACE) values ('43','17','37','2','4','2','+00 00:01:12.229000','+00 00:01:12.344000','+00 00:00:00.000000','+00 00:00:00.000000');
Insert into BS708164LM20.RACEPARTICIPANT (IDRACEPARTICIPANT,POSITIONRACE,DIFLOOP,IDRACE,IDPILOTE,IDRACINGSTABLE,BESTTIMEQ1,BESTTIMEQ2,BESTTIMEQ3,RESULTTIMERACE) values ('44','18','39','2','11','4','+00 00:01:13.333000','+00 00:00:00.000000','+00 00:00:00.000000','+00 00:00:00.000000');
Insert into BS708164LM20.RACEPARTICIPANT (IDRACEPARTICIPANT,POSITIONRACE,DIFLOOP,IDRACE,IDPILOTE,IDRACINGSTABLE,BESTTIMEQ1,BESTTIMEQ2,BESTTIMEQ3,RESULTTIMERACE) values ('45','19','51','2','9','5','+00 00:01:13.131000','+00 00:01:12.799000','+00 00:00:00.000000','+00 00:00:00.000000');
Insert into BS708164LM20.RACEPARTICIPANT (IDRACEPARTICIPANT,POSITIONRACE,DIFLOOP,IDRACE,IDPILOTE,IDRACINGSTABLE,BESTTIMEQ1,BESTTIMEQ2,BESTTIMEQ3,RESULTTIMERACE) values ('46','20','63','2','10','7','+00 00:01:13.194000','+00 00:01:12.776000','+00 00:01:13.065000','+00 00:00:00.000000');
Insert into BS708164LM20.RACEPARTICIPANT (IDRACEPARTICIPANT,POSITIONRACE,DIFLOOP,IDRACE,IDPILOTE,IDRACINGSTABLE,BESTTIMEQ1,BESTTIMEQ2,BESTTIMEQ3,RESULTTIMERACE) values ('63','1','0','3','1','1','+00 00:01:16.068000','+00 00:01:15.548000','+00 00:01:14.769000','+00 01:35:03.796000');
Insert into BS708164LM20.RACEPARTICIPANT (IDRACEPARTICIPANT,POSITIONRACE,DIFLOOP,IDRACE,IDPILOTE,IDRACINGSTABLE,BESTTIMEQ1,BESTTIMEQ2,BESTTIMEQ3,RESULTTIMERACE) values ('64','2','0','3','3','3','+00 00:01:15.817000','+00 00:01:15.573000','+00 00:01:14.572000','+00 01:35:21.592000');
Insert into BS708164LM20.RACEPARTICIPANT (IDRACEPARTICIPANT,POSITIONRACE,DIFLOOP,IDRACE,IDPILOTE,IDRACINGSTABLE,BESTTIMEQ1,BESTTIMEQ2,BESTTIMEQ3,RESULTTIMERACE) values ('65','3','0','3','5','2','+00 00:01:16.452000','+00 00:01:15.885000','+00 00:01:15.071000','+00 01:36:05.229000');
Insert into BS708164LM20.RACEPARTICIPANT (IDRACEPARTICIPANT,POSITIONRACE,DIFLOOP,IDRACE,IDPILOTE,IDRACINGSTABLE,BESTTIMEQ1,BESTTIMEQ2,BESTTIMEQ3,RESULTTIMERACE) values ('66','4','0','3','4','2','+00 00:01:16.337000','+00 00:01:15.792000','+00 00:01:15.043000','+00 01:36:09.046000');
Insert into BS708164LM20.RACEPARTICIPANT (IDRACEPARTICIPANT,POSITIONRACE,DIFLOOP,IDRACE,IDPILOTE,IDRACINGSTABLE,BESTTIMEQ1,BESTTIMEQ2,BESTTIMEQ3,RESULTTIMERACE) values ('67','5','1','3','6','4','+00 00:01:16.493000','+00 00:01:16.308000','+00 00:01:15.852000','+00 01:35:31.121000');
Insert into BS708164LM20.RACEPARTICIPANT (IDRACEPARTICIPANT,POSITIONRACE,DIFLOOP,IDRACE,IDPILOTE,IDRACINGSTABLE,BESTTIMEQ1,BESTTIMEQ2,BESTTIMEQ3,RESULTTIMERACE) values ('68','6','1','3','7','3','+00 00:01:16.716000','+00 00:01:16.393000','+00 00:01:15.450000','+00 01:35:32.514000');
Insert into BS708164LM20.RACEPARTICIPANT (IDRACEPARTICIPANT,POSITIONRACE,DIFLOOP,IDRACE,IDPILOTE,IDRACINGSTABLE,BESTTIMEQ1,BESTTIMEQ2,BESTTIMEQ3,RESULTTIMERACE) values ('69','7','1','3','12','8','+00 00:01:16.506000','+00 00:01:16.518000','+00 00:01:16.041000','+00 01:35:35.188000');
Insert into BS708164LM20.RACEPARTICIPANT (IDRACEPARTICIPANT,POSITIONRACE,DIFLOOP,IDRACE,IDPILOTE,IDRACINGSTABLE,BESTTIMEQ1,BESTTIMEQ2,BESTTIMEQ3,RESULTTIMERACE) values ('70','8','1','3','2','1','+00 00:01:16.078000','+00 00:01:15.669000','+00 00:01:14.590000','+00 01:35:35.924000');
Insert into BS708164LM20.RACEPARTICIPANT (IDRACEPARTICIPANT,POSITIONRACE,DIFLOOP,IDRACE,IDPILOTE,IDRACINGSTABLE,BESTTIMEQ1,BESTTIMEQ2,BESTTIMEQ3,RESULTTIMERACE) values ('71','9','1','3','11','4','+00 00:01:16.697000','+00 00:01:16.060000','+00 00:01:15.800000','+00 01:35:41.187000');
Insert into BS708164LM20.RACEPARTICIPANT (IDRACEPARTICIPANT,POSITIONRACE,DIFLOOP,IDRACE,IDPILOTE,IDRACINGSTABLE,BESTTIMEQ1,BESTTIMEQ2,BESTTIMEQ3,RESULTTIMERACE) values ('72','10','1','3','8','6','+00 00:01:16.912000','+00 00:01:16.687000','+00 00:00:00.000000','+00 01:36:10.323000');
Insert into BS708164LM20.RACEPARTICIPANT (IDRACEPARTICIPANT,POSITIONRACE,DIFLOOP,IDRACE,IDPILOTE,IDRACINGSTABLE,BESTTIMEQ1,BESTTIMEQ2,BESTTIMEQ3,RESULTTIMERACE) values ('73','11','1','3','10','7','+00 00:01:17.109000','+00 00:00:00.000000','+00 00:00:00.000000','+00 01:36:21.366000');
Insert into BS708164LM20.RACEPARTICIPANT (IDRACEPARTICIPANT,POSITIONRACE,DIFLOOP,IDRACE,IDPILOTE,IDRACINGSTABLE,BESTTIMEQ1,BESTTIMEQ2,BESTTIMEQ3,RESULTTIMERACE) values ('74','12','1','3','14','5','+00 00:01:16.790000','+00 00:01:16.565000','+00 00:00:00.000000','+00 01:36:22.002000');
Insert into BS708164LM20.RACEPARTICIPANT (IDRACEPARTICIPANT,POSITIONRACE,DIFLOOP,IDRACE,IDPILOTE,IDRACINGSTABLE,BESTTIMEQ1,BESTTIMEQ2,BESTTIMEQ3,RESULTTIMERACE) values ('75','13','1','3','16','9','+00 00:01:16.122000','+00 00:00:00.000000','+00 00:00:00.000000','+00 01:36:22.759000');
Insert into BS708164LM20.RACEPARTICIPANT (IDRACEPARTICIPANT,POSITIONRACE,DIFLOOP,IDRACE,IDPILOTE,IDRACINGSTABLE,BESTTIMEQ1,BESTTIMEQ2,BESTTIMEQ3,RESULTTIMERACE) values ('76','14','1','3','9','5','+00 00:01:17.257000','+00 00:00:00.000000','+00 00:00:00.000000','+00 01:36:22.993000');
Insert into BS708164LM20.RACEPARTICIPANT (IDRACEPARTICIPANT,POSITIONRACE,DIFLOOP,IDRACE,IDPILOTE,IDRACINGSTABLE,BESTTIMEQ1,BESTTIMEQ2,BESTTIMEQ3,RESULTTIMERACE) values ('77','15','2','3','13','6','+00 00:01:16.750000','+00 00:01:16.692000','+00 00:00:00.000000','+00 01:35:08.984000');
Insert into BS708164LM20.RACEPARTICIPANT (IDRACEPARTICIPANT,POSITIONRACE,DIFLOOP,IDRACE,IDPILOTE,IDRACINGSTABLE,BESTTIMEQ1,BESTTIMEQ2,BESTTIMEQ3,RESULTTIMERACE) values ('78','16','2','3','20','10','+00 00:01:17.031000','+00 00:00:00.000000','+00 00:00:00.000000','+00 01:36:03.701000');
Insert into BS708164LM20.RACEPARTICIPANT (IDRACEPARTICIPANT,POSITIONRACE,DIFLOOP,IDRACE,IDPILOTE,IDRACINGSTABLE,BESTTIMEQ1,BESTTIMEQ2,BESTTIMEQ3,RESULTTIMERACE) values ('79','17','2','3','15','7','+00 00:01:17.542000','+00 00:00:00.000000','+00 00:00:00.000000','+00 01:36:07.471000');
Insert into BS708164LM20.RACEPARTICIPANT (IDRACEPARTICIPANT,POSITIONRACE,DIFLOOP,IDRACE,IDPILOTE,IDRACINGSTABLE,BESTTIMEQ1,BESTTIMEQ2,BESTTIMEQ3,RESULTTIMERACE) values ('80','18','2','3','17','8','+00 00:01:16.894000','+00 00:01:16.804000','+00 00:00:00.000000','+00 01:36:16.660000');
Insert into BS708164LM20.RACEPARTICIPANT (IDRACEPARTICIPANT,POSITIONRACE,DIFLOOP,IDRACE,IDPILOTE,IDRACINGSTABLE,BESTTIMEQ1,BESTTIMEQ2,BESTTIMEQ3,RESULTTIMERACE) values ('81','19','3','3','19','10','+00 00:01:18.324000','+00 00:00:00.000000','+00 00:00:00.000000','+00 01:35:14.074000');
Insert into BS708164LM20.RACEPARTICIPANT (IDRACEPARTICIPANT,POSITIONRACE,DIFLOOP,IDRACE,IDPILOTE,IDRACINGSTABLE,BESTTIMEQ1,BESTTIMEQ2,BESTTIMEQ3,RESULTTIMERACE) values ('82','20','21','3','18','9','+00 00:01:16.978000','+00 00:01:16.319000','+00 00:01:16.013000','+00 00:00:00.000000');
REM INSERTING into BS708164LM20.RACINGSTABLE
SET DEFINE OFF;
Insert into BS708164LM20.RACINGSTABLE (IDRACINGSTABLE,NAME,CONSTRUCTOR,DATEOFCREATION,NBCARSAVAILABLE,TIMEINRACE) values ('1','MERCEDES','MERCEDES-BENZ',to_date('01/01/54','DD/MM/RR'),'2','+00 00:00:00.000000');
Insert into BS708164LM20.RACINGSTABLE (IDRACINGSTABLE,NAME,CONSTRUCTOR,DATEOFCREATION,NBCARSAVAILABLE,TIMEINRACE) values ('2','FERRARI','FERRARI',to_date('01/01/47','DD/MM/RR'),'2','+00 00:00:00.000000');
Insert into BS708164LM20.RACINGSTABLE (IDRACINGSTABLE,NAME,CONSTRUCTOR,DATEOFCREATION,NBCARSAVAILABLE,TIMEINRACE) values ('3','RED BULL RACING','HONDA',to_date('01/01/05','DD/MM/RR'),'2','+00 00:00:00.000000');
Insert into BS708164LM20.RACINGSTABLE (IDRACINGSTABLE,NAME,CONSTRUCTOR,DATEOFCREATION,NBCARSAVAILABLE,TIMEINRACE) values ('4','MCLAREN RENAULT','RENAULT',to_date('01/01/66','DD/MM/RR'),'2','+00 00:00:00.000000');
Insert into BS708164LM20.RACINGSTABLE (IDRACINGSTABLE,NAME,CONSTRUCTOR,DATEOFCREATION,NBCARSAVAILABLE,TIMEINRACE) values ('5','RENAULT','RENAULT',to_date('01/01/77','DD/MM/RR'),'2','+00 00:00:00.000000');
Insert into BS708164LM20.RACINGSTABLE (IDRACINGSTABLE,NAME,CONSTRUCTOR,DATEOFCREATION,NBCARSAVAILABLE,TIMEINRACE) values ('6','SCUDERIA TORO ROSSO','HONDA',to_date('01/01/06','DD/MM/RR'),'2','+00 00:00:00.000000');
Insert into BS708164LM20.RACINGSTABLE (IDRACINGSTABLE,NAME,CONSTRUCTOR,DATEOFCREATION,NBCARSAVAILABLE,TIMEINRACE) values ('7','FORCE INDIA','MERCEDES-BENZ',to_date('01/01/08','DD/MM/RR'),'2','+00 00:00:00.000000');
Insert into BS708164LM20.RACINGSTABLE (IDRACINGSTABLE,NAME,CONSTRUCTOR,DATEOFCREATION,NBCARSAVAILABLE,TIMEINRACE) values ('8','ALFA ROMEO RACING','FERRARI',to_date('01/01/50','DD/MM/RR'),'2','+00 00:00:00.000000');
Insert into BS708164LM20.RACINGSTABLE (IDRACINGSTABLE,NAME,CONSTRUCTOR,DATEOFCREATION,NBCARSAVAILABLE,TIMEINRACE) values ('9','HAAS','FERRARI',to_date('01/01/16','DD/MM/RR'),'2','+00 00:00:00.000000');
Insert into BS708164LM20.RACINGSTABLE (IDRACINGSTABLE,NAME,CONSTRUCTOR,DATEOFCREATION,NBCARSAVAILABLE,TIMEINRACE) values ('10','WILLIAMS','MERCEDES-BENZ',to_date('01/01/77','DD/MM/RR'),'2','+00 00:00:00.000000');
Insert into BS708164LM20.RACINGSTABLE (IDRACINGSTABLE,NAME,CONSTRUCTOR,DATEOFCREATION,NBCARSAVAILABLE,TIMEINRACE) values ('11','MIAGE RACING','MOPOLO',to_date('01/01/20','DD/MM/RR'),'1','+00 00:00:00.000000');
Insert into BS708164LM20.RACINGSTABLE (IDRACINGSTABLE,NAME,CONSTRUCTOR,DATEOFCREATION,NBCARSAVAILABLE,TIMEINRACE) values ('12','SCUDERIA MARAIS','MARAIS',to_date('01/01/20','DD/MM/RR'),'0','+00 00:00:00.000000');
REM INSERTING into BS708164LM20.RACINGSTABLEPILOTE
SET DEFINE OFF;
Insert into BS708164LM20.RACINGSTABLEPILOTE (IDRACINGSTABLEPILOTE,DATEHAVEJOIN,IDRACINGSTABLE,IDPILOTE) values ('7',to_date('03/01/19','DD/MM/RR'),'4','6');
Insert into BS708164LM20.RACINGSTABLEPILOTE (IDRACINGSTABLEPILOTE,DATEHAVEJOIN,IDRACINGSTABLE,IDPILOTE) values ('5',to_date('12/03/19','DD/MM/RR'),'2','4');
Insert into BS708164LM20.RACINGSTABLEPILOTE (IDRACINGSTABLEPILOTE,DATEHAVEJOIN,IDRACINGSTABLE,IDPILOTE) values ('10',to_date('02/03/16','DD/MM/RR'),'6','13');
Insert into BS708164LM20.RACINGSTABLEPILOTE (IDRACINGSTABLEPILOTE,DATEHAVEJOIN,IDRACINGSTABLE,IDPILOTE) values ('11',to_date('22/01/19','DD/MM/RR'),'5','9');
Insert into BS708164LM20.RACINGSTABLEPILOTE (IDRACINGSTABLEPILOTE,DATEHAVEJOIN,IDRACINGSTABLE,IDPILOTE) values ('13',to_date('10/03/14','DD/MM/RR'),'7','10');
Insert into BS708164LM20.RACINGSTABLEPILOTE (IDRACINGSTABLEPILOTE,DATEHAVEJOIN,IDRACINGSTABLE,IDPILOTE) values ('16',to_date('12/03/19','DD/MM/RR'),'8','17');
Insert into BS708164LM20.RACINGSTABLEPILOTE (IDRACINGSTABLEPILOTE,DATEHAVEJOIN,IDRACINGSTABLE,IDPILOTE) values ('17',to_date('21/02/17','DD/MM/RR'),'9','18');
Insert into BS708164LM20.RACINGSTABLEPILOTE (IDRACINGSTABLEPILOTE,DATEHAVEJOIN,IDRACINGSTABLE,IDPILOTE) values ('19',to_date('21/02/19','DD/MM/RR'),'10','19');
Insert into BS708164LM20.RACINGSTABLEPILOTE (IDRACINGSTABLEPILOTE,DATEHAVEJOIN,IDRACINGSTABLE,IDPILOTE) values ('20',to_date('30/01/19','DD/MM/RR'),'10','20');
Insert into BS708164LM20.RACINGSTABLEPILOTE (IDRACINGSTABLEPILOTE,DATEHAVEJOIN,IDRACINGSTABLE,IDPILOTE) values ('1',to_date('14/03/13','DD/MM/RR'),'1','1');
Insert into BS708164LM20.RACINGSTABLEPILOTE (IDRACINGSTABLEPILOTE,DATEHAVEJOIN,IDRACINGSTABLE,IDPILOTE) values ('2',to_date('13/02/17','DD/MM/RR'),'1','2');
Insert into BS708164LM20.RACINGSTABLEPILOTE (IDRACINGSTABLEPILOTE,DATEHAVEJOIN,IDRACINGSTABLE,IDPILOTE) values ('3',to_date('19/01/17','DD/MM/RR'),'3','3');
Insert into BS708164LM20.RACINGSTABLEPILOTE (IDRACINGSTABLEPILOTE,DATEHAVEJOIN,IDRACINGSTABLE,IDPILOTE) values ('4',to_date('15/08/19','DD/MM/RR'),'3','8');
Insert into BS708164LM20.RACINGSTABLEPILOTE (IDRACINGSTABLEPILOTE,DATEHAVEJOIN,IDRACINGSTABLE,IDPILOTE) values ('6',to_date('25/02/15','DD/MM/RR'),'2','5');
Insert into BS708164LM20.RACINGSTABLEPILOTE (IDRACINGSTABLEPILOTE,DATEHAVEJOIN,IDRACINGSTABLE,IDPILOTE) values ('8',to_date('06/03/19','DD/MM/RR'),'4','11');
Insert into BS708164LM20.RACINGSTABLEPILOTE (IDRACINGSTABLEPILOTE,DATEHAVEJOIN,IDRACINGSTABLE,IDPILOTE) values ('9',to_date('15/08/19','DD/MM/RR'),'6','7');
Insert into BS708164LM20.RACINGSTABLEPILOTE (IDRACINGSTABLEPILOTE,DATEHAVEJOIN,IDRACINGSTABLE,IDPILOTE) values ('14',to_date('11/02/19','DD/MM/RR'),'7','15');
Insert into BS708164LM20.RACINGSTABLEPILOTE (IDRACINGSTABLEPILOTE,DATEHAVEJOIN,IDRACINGSTABLE,IDPILOTE) values ('15',to_date('16/01/19','DD/MM/RR'),'8','12');
Insert into BS708164LM20.RACINGSTABLEPILOTE (IDRACINGSTABLEPILOTE,DATEHAVEJOIN,IDRACINGSTABLE,IDPILOTE) values ('18',to_date('09/03/16','DD/MM/RR'),'9','16');
Insert into BS708164LM20.RACINGSTABLEPILOTE (IDRACINGSTABLEPILOTE,DATEHAVEJOIN,IDRACINGSTABLE,IDPILOTE) values ('12',to_date('05/02/19','DD/MM/RR'),'5','14');
REM INSERTING into BS708164LM20.RACINGSTABLEPILOTEHISTORY
SET DEFINE OFF;
Insert into BS708164LM20.RACINGSTABLEPILOTEHISTORY (IDRACINGSTABLEPILOTEHISTORY,HADJOINED,HADLEFT,IDRACINGSTABLE,IDPILOTE) values ('1',to_date('06/02/19','DD/MM/RR'),to_date('14/08/19','DD/MM/RR'),'3','7');
Insert into BS708164LM20.RACINGSTABLEPILOTEHISTORY (IDRACINGSTABLEPILOTEHISTORY,HADJOINED,HADLEFT,IDRACINGSTABLE,IDPILOTE) values ('4',to_date('06/02/19','DD/MM/RR'),to_date('14/08/19','DD/MM/RR'),'6','8');
--------------------------------------------------------
--  DDL for Index CARRACINGSTABLEPILOTE_PK
--------------------------------------------------------

  CREATE UNIQUE INDEX "BS708164LM20"."CARRACINGSTABLEPILOTE_PK" ON "BS708164LM20"."CARRACINGSTABLEPILOTE" ("IDCARRACINGSTABLEPILOTE") 
  PCTFREE 10 INITRANS 2 MAXTRANS 255 COMPUTE STATISTICS 
  STORAGE(INITIAL 65536 NEXT 1048576 MINEXTENTS 1 MAXEXTENTS 2147483645
  PCTINCREASE 0 FREELISTS 1 FREELIST GROUPS 1
  BUFFER_POOL DEFAULT FLASH_CACHE DEFAULT CELL_FLASH_CACHE DEFAULT)
  TABLESPACE "USERS" ;
--------------------------------------------------------
--  DDL for Index CARRACINGSTABLEPILOTE_CARSRACINGSTABLE_AK
--------------------------------------------------------

  CREATE UNIQUE INDEX "BS708164LM20"."CARRACINGSTABLEPILOTE_CARSRACINGSTABLE_AK" ON "BS708164LM20"."CARRACINGSTABLEPILOTE" ("IDCAR") 
  PCTFREE 10 INITRANS 2 MAXTRANS 255 COMPUTE STATISTICS 
  STORAGE(INITIAL 65536 NEXT 1048576 MINEXTENTS 1 MAXEXTENTS 2147483645
  PCTINCREASE 0 FREELISTS 1 FREELIST GROUPS 1
  BUFFER_POOL DEFAULT FLASH_CACHE DEFAULT CELL_FLASH_CACHE DEFAULT)
  TABLESPACE "USERS" ;
--------------------------------------------------------
--  DDL for Index CARRACINGSTABLEPILOTE_RACINGSTABLEPILOTE0_AK
--------------------------------------------------------

  CREATE UNIQUE INDEX "BS708164LM20"."CARRACINGSTABLEPILOTE_RACINGSTABLEPILOTE0_AK" ON "BS708164LM20"."CARRACINGSTABLEPILOTE" ("IDRACINGSTABLEPILOTE") 
  PCTFREE 10 INITRANS 2 MAXTRANS 255 COMPUTE STATISTICS 
  STORAGE(INITIAL 65536 NEXT 1048576 MINEXTENTS 1 MAXEXTENTS 2147483645
  PCTINCREASE 0 FREELISTS 1 FREELIST GROUPS 1
  BUFFER_POOL DEFAULT FLASH_CACHE DEFAULT CELL_FLASH_CACHE DEFAULT)
  TABLESPACE "USERS" ;
--------------------------------------------------------
--  DDL for Index CARSRACINGSTABLE_PK
--------------------------------------------------------

  CREATE UNIQUE INDEX "BS708164LM20"."CARSRACINGSTABLE_PK" ON "BS708164LM20"."CARSRACINGSTABLE" ("IDCAR") 
  PCTFREE 10 INITRANS 2 MAXTRANS 255 COMPUTE STATISTICS 
  STORAGE(INITIAL 65536 NEXT 1048576 MINEXTENTS 1 MAXEXTENTS 2147483645
  PCTINCREASE 0 FREELISTS 1 FREELIST GROUPS 1
  BUFFER_POOL DEFAULT FLASH_CACHE DEFAULT CELL_FLASH_CACHE DEFAULT)
  TABLESPACE "USERS" ;
--------------------------------------------------------
--  DDL for Index CIRCUIT_PK
--------------------------------------------------------

  CREATE UNIQUE INDEX "BS708164LM20"."CIRCUIT_PK" ON "BS708164LM20"."CIRCUIT" ("IDCIRCUIT") 
  PCTFREE 10 INITRANS 2 MAXTRANS 255 COMPUTE STATISTICS 
  STORAGE(INITIAL 65536 NEXT 1048576 MINEXTENTS 1 MAXEXTENTS 2147483645
  PCTINCREASE 0 FREELISTS 1 FREELIST GROUPS 1
  BUFFER_POOL DEFAULT FLASH_CACHE DEFAULT CELL_FLASH_CACHE DEFAULT)
  TABLESPACE "USERS" ;
--------------------------------------------------------
--  DDL for Index PILOTE_PK
--------------------------------------------------------

  CREATE UNIQUE INDEX "BS708164LM20"."PILOTE_PK" ON "BS708164LM20"."PILOTE" ("IDPILOTE") 
  PCTFREE 10 INITRANS 2 MAXTRANS 255 COMPUTE STATISTICS 
  STORAGE(INITIAL 65536 NEXT 1048576 MINEXTENTS 1 MAXEXTENTS 2147483645
  PCTINCREASE 0 FREELISTS 1 FREELIST GROUPS 1
  BUFFER_POOL DEFAULT FLASH_CACHE DEFAULT CELL_FLASH_CACHE DEFAULT)
  TABLESPACE "USERS" ;
--------------------------------------------------------
--  DDL for Index RACE_PK
--------------------------------------------------------

  CREATE UNIQUE INDEX "BS708164LM20"."RACE_PK" ON "BS708164LM20"."RACE" ("IDRACE") 
  PCTFREE 10 INITRANS 2 MAXTRANS 255 COMPUTE STATISTICS 
  STORAGE(INITIAL 65536 NEXT 1048576 MINEXTENTS 1 MAXEXTENTS 2147483645
  PCTINCREASE 0 FREELISTS 1 FREELIST GROUPS 1
  BUFFER_POOL DEFAULT FLASH_CACHE DEFAULT CELL_FLASH_CACHE DEFAULT)
  TABLESPACE "USERS" ;
--------------------------------------------------------
--  DDL for Index RACEPARTICIPANT_PK
--------------------------------------------------------

  CREATE UNIQUE INDEX "BS708164LM20"."RACEPARTICIPANT_PK" ON "BS708164LM20"."RACEPARTICIPANT" ("IDRACEPARTICIPANT") 
  PCTFREE 10 INITRANS 2 MAXTRANS 255 COMPUTE STATISTICS 
  STORAGE(INITIAL 65536 NEXT 1048576 MINEXTENTS 1 MAXEXTENTS 2147483645
  PCTINCREASE 0 FREELISTS 1 FREELIST GROUPS 1
  BUFFER_POOL DEFAULT FLASH_CACHE DEFAULT CELL_FLASH_CACHE DEFAULT)
  TABLESPACE "USERS" ;
--------------------------------------------------------
--  DDL for Index RACEPARTICIPANT_PILOTE_AK
--------------------------------------------------------

  CREATE UNIQUE INDEX "BS708164LM20"."RACEPARTICIPANT_PILOTE_AK" ON "BS708164LM20"."RACEPARTICIPANT" ("IDPILOTE", "IDRACE", "IDRACINGSTABLE") 
  PCTFREE 10 INITRANS 2 MAXTRANS 255 COMPUTE STATISTICS 
  STORAGE(INITIAL 65536 NEXT 1048576 MINEXTENTS 1 MAXEXTENTS 2147483645
  PCTINCREASE 0 FREELISTS 1 FREELIST GROUPS 1
  BUFFER_POOL DEFAULT FLASH_CACHE DEFAULT CELL_FLASH_CACHE DEFAULT)
  TABLESPACE "USERS" ;
--------------------------------------------------------
--  DDL for Index RACINGSTABLE_PK
--------------------------------------------------------

  CREATE UNIQUE INDEX "BS708164LM20"."RACINGSTABLE_PK" ON "BS708164LM20"."RACINGSTABLE" ("IDRACINGSTABLE") 
  PCTFREE 10 INITRANS 2 MAXTRANS 255 COMPUTE STATISTICS 
  STORAGE(INITIAL 65536 NEXT 1048576 MINEXTENTS 1 MAXEXTENTS 2147483645
  PCTINCREASE 0 FREELISTS 1 FREELIST GROUPS 1
  BUFFER_POOL DEFAULT FLASH_CACHE DEFAULT CELL_FLASH_CACHE DEFAULT)
  TABLESPACE "USERS" ;
--------------------------------------------------------
--  DDL for Index RACINGSTABLEPILOTE_PK
--------------------------------------------------------

  CREATE UNIQUE INDEX "BS708164LM20"."RACINGSTABLEPILOTE_PK" ON "BS708164LM20"."RACINGSTABLEPILOTE" ("IDRACINGSTABLEPILOTE") 
  PCTFREE 10 INITRANS 2 MAXTRANS 255 COMPUTE STATISTICS 
  STORAGE(INITIAL 65536 NEXT 1048576 MINEXTENTS 1 MAXEXTENTS 2147483645
  PCTINCREASE 0 FREELISTS 1 FREELIST GROUPS 1
  BUFFER_POOL DEFAULT FLASH_CACHE DEFAULT CELL_FLASH_CACHE DEFAULT)
  TABLESPACE "USERS" ;
--------------------------------------------------------
--  DDL for Index RACINGSTABLEPILOTE_PILOTE_AK
--------------------------------------------------------

  CREATE UNIQUE INDEX "BS708164LM20"."RACINGSTABLEPILOTE_PILOTE_AK" ON "BS708164LM20"."RACINGSTABLEPILOTE" ("IDPILOTE") 
  PCTFREE 10 INITRANS 2 MAXTRANS 255 COMPUTE STATISTICS 
  STORAGE(INITIAL 65536 NEXT 1048576 MINEXTENTS 1 MAXEXTENTS 2147483645
  PCTINCREASE 0 FREELISTS 1 FREELIST GROUPS 1
  BUFFER_POOL DEFAULT FLASH_CACHE DEFAULT CELL_FLASH_CACHE DEFAULT)
  TABLESPACE "USERS" ;
--------------------------------------------------------
--  DDL for Index RACINGSTABLEPILOTEHISTORY_PK
--------------------------------------------------------

  CREATE UNIQUE INDEX "BS708164LM20"."RACINGSTABLEPILOTEHISTORY_PK" ON "BS708164LM20"."RACINGSTABLEPILOTEHISTORY" ("IDRACINGSTABLEPILOTEHISTORY") 
  PCTFREE 10 INITRANS 2 MAXTRANS 255 COMPUTE STATISTICS 
  STORAGE(INITIAL 65536 NEXT 1048576 MINEXTENTS 1 MAXEXTENTS 2147483645
  PCTINCREASE 0 FREELISTS 1 FREELIST GROUPS 1
  BUFFER_POOL DEFAULT FLASH_CACHE DEFAULT CELL_FLASH_CACHE DEFAULT)
  TABLESPACE "USERS" ;
--------------------------------------------------------
--  DDL for Trigger CARRACINGSTABLEPILOTE_BEFORE_INSERT
--------------------------------------------------------

  CREATE OR REPLACE EDITIONABLE TRIGGER "BS708164LM20"."CARRACINGSTABLEPILOTE_BEFORE_INSERT" 
BEFORE INSERT OR UPDATE ON carracingstablepilote FOR EACH ROW
DECLARE
    id_car_rs NUMBER;
    id_rsp_rs NUMBER;
    nb NUMBER;
    not_same_racing_stable EXCEPTION;
    PRAGMA EXCEPTION_INIT(not_same_racing_stable,-20001);
BEGIN

    nb := handleracingstable.car_and_pilote_have_same_racing_stable(:new.idCar,:new.idracingStablePilote);
    -- la voiture et le pilote doivent avoir la même écurie
    IF nb != 1 THEN
          RAISE_APPLICATION_ERROR(-20001, 'NOT SAME RACING STABLE');
    END IF;
    
    EXCEPTION
            WHEN not_same_racing_stable THEN
                DBMS_OUTPUT.PUT_LINE('NOT SAME RACING STABLE');
                raise;
END;
/
ALTER TRIGGER "BS708164LM20"."CARRACINGSTABLEPILOTE_BEFORE_INSERT" ENABLE;
--------------------------------------------------------
--  DDL for Trigger CARRACINGSTABLEPILOTE_IDCARRACINGSTABLEPILOTE
--------------------------------------------------------

  CREATE OR REPLACE EDITIONABLE TRIGGER "BS708164LM20"."CARRACINGSTABLEPILOTE_IDCARRACINGSTABLEPILOTE" 
	BEFORE INSERT ON CarRacingStablePilote 
  FOR EACH ROW 
	 WHEN (NEW.idCarRacingStablePilote IS NULL) BEGIN 
		 select Seq_CarRacingStablePilote_idCarRacingStablePilote.NEXTVAL INTO :NEW.idCarRacingStablePilote from DUAL; 
	END;
/
ALTER TRIGGER "BS708164LM20"."CARRACINGSTABLEPILOTE_IDCARRACINGSTABLEPILOTE" ENABLE;
--------------------------------------------------------
--  DDL for Trigger CARSRACINGSTABLE_IDCAR
--------------------------------------------------------

  CREATE OR REPLACE EDITIONABLE TRIGGER "BS708164LM20"."CARSRACINGSTABLE_IDCAR" 
	BEFORE INSERT ON CarsRacingStable 
  FOR EACH ROW  
	 WHEN (NEW.idCar IS NULL) BEGIN
		 select Seq_Cars_idCar.NEXTVAL INTO :NEW.idCar from DUAL; 
	END;
/
ALTER TRIGGER "BS708164LM20"."CARSRACINGSTABLE_IDCAR" ENABLE;
--------------------------------------------------------
--  DDL for Trigger CARSRACINGSTABLE_BEFORE_DELETE
--------------------------------------------------------

  CREATE OR REPLACE EDITIONABLE TRIGGER "BS708164LM20"."CARSRACINGSTABLE_BEFORE_DELETE" 
BEFORE DELETE ON CARSRACINGSTABLE FOR EACH ROW
BEGIN
    -- delete le lien avec le pilote
  DELETE FROM carracingstablepilote crsp WHERE crsp.idCar = :old.idCar;
  
  UPDATE racingstable
  SET nbcarsavailable = nbcarsavailable-1
  WHERE racingstable.idRacingStable = :new.idRacingStable;
    
END;
/
ALTER TRIGGER "BS708164LM20"."CARSRACINGSTABLE_BEFORE_DELETE" ENABLE;
--------------------------------------------------------
--  DDL for Trigger CARSRACINGSTABLE_BEFORE_INSERT
--------------------------------------------------------

  CREATE OR REPLACE EDITIONABLE TRIGGER "BS708164LM20"."CARSRACINGSTABLE_BEFORE_INSERT" 
BEFORE INSERT ON CARSRACINGSTABLE FOR EACH ROW
DECLARE
    nb_car NUMBER;
    have_already EXCEPTION;
    PRAGMA EXCEPTION_INIT( have_already,-20001);
BEGIN

    nb_car := handleracingstable.get_nb_car_of_racingstable(:new.idRacingStable);
    -- si l ecurie a plus ou 2 pilotes
    IF nb_car >= 2 THEN
         RAISE have_already;
    END IF;
    
    UPDATE racingstable
    SET nbcarsavailable = nbcarsavailable+1
    WHERE racingstable.idRacingStable = :new.idRacingStable;

    EXCEPTION
        WHEN have_already THEN
            DBMS_OUTPUT.PUT_LINE('RACING STABLE HAVE ALREADY 2 CARS.');
             RAISE;
                
END;
/
ALTER TRIGGER "BS708164LM20"."CARSRACINGSTABLE_BEFORE_INSERT" ENABLE;
--------------------------------------------------------
--  DDL for Trigger CIRCUIT_IDCIRCUIT
--------------------------------------------------------

  CREATE OR REPLACE EDITIONABLE TRIGGER "BS708164LM20"."CIRCUIT_IDCIRCUIT" 
	BEFORE INSERT ON Circuit 
  FOR EACH ROW 
	 WHEN (NEW.idCircuit IS NULL) BEGIN 
		 select Seq_Circuit_idCircuit.NEXTVAL INTO :NEW.idCircuit from DUAL; 
	END;
/
ALTER TRIGGER "BS708164LM20"."CIRCUIT_IDCIRCUIT" ENABLE;
--------------------------------------------------------
--  DDL for Trigger PILOTE_IDPILOTE
--------------------------------------------------------

  CREATE OR REPLACE EDITIONABLE TRIGGER "BS708164LM20"."PILOTE_IDPILOTE" 
	BEFORE INSERT ON Pilote 
  FOR EACH ROW  
	 WHEN (NEW.idPilote IS NULL) BEGIN
		 select Seq_Pilote_idPilote.NEXTVAL INTO :NEW.idPilote from DUAL; 
	END;
/
ALTER TRIGGER "BS708164LM20"."PILOTE_IDPILOTE" ENABLE;
--------------------------------------------------------
--  DDL for Trigger PILOTE_BEFORE_DELETE
--------------------------------------------------------

  CREATE OR REPLACE EDITIONABLE TRIGGER "BS708164LM20"."PILOTE_BEFORE_DELETE" 
BEFORE DELETE ON PILOTE FOR EACH ROW
DECLARE
    number_race_pilote NUMBER;
    have_race EXCEPTION;
    PRAGMA EXCEPTION_INIT(have_race,-20001);
BEGIN
DBMS_OUTPUT.PUT_LINE('Try delete pilote');

    number_race_pilote := handlepilote.get_nb_race_of_pilote(:old.idpilote);
    IF number_race_pilote > 0 THEN
        RAISE_APPLICATION_ERROR(-20001, 'Pilote referenced in race participant.');
    END IF;

    DELETE FROM racingstablepilotehistory rsph WHERE rsph.idPilote = :old.idpilote;
    DELETE FROM racingstablepilote rsp WHERE rsp.idPilote = :old.idpilote;

    EXCEPTION
        WHEN have_race THEN
            DBMS_OUTPUT.PUT_LINE('Pilote referenced in race participant.');
             RAISE;

END;
/
ALTER TRIGGER "BS708164LM20"."PILOTE_BEFORE_DELETE" ENABLE;
--------------------------------------------------------
--  DDL for Trigger RACE_BEFORE_INSERT
--------------------------------------------------------

  CREATE OR REPLACE EDITIONABLE TRIGGER "BS708164LM20"."RACE_BEFORE_INSERT" 
BEFORE INSERT ON RACE FOR EACH ROW
DECLARE
    date_clone DATE;
    date_coherence EXCEPTION;
    mileage_c NUMBER;
    nb_race NUMBER;
    already EXCEPTION;
    PRAGMA EXCEPTION_INIT (date_coherence, -20002);
    PRAGMA EXCEPTION_INIT (already, -20003);
BEGIN
 
  -- soit un vendredi et que fin soit 2 jours apres un dimanche
    date_clone := :new.datestartrace;
    date_clone := date_clone+2;
   IF to_char(:new.datestartrace,'DY') not in ('VEN.') 
   AND  date_clone != :new.dateendrace 
   THEN
        RAISE_APPLICATION_ERROR(-20002, 'DATE COHERENCE');
   END IF;
   ------------------------------------------------------------
   
   --savoir si il y une course la meme annee deja existante
    nb_race := HANDLERACE.get_nb_race_on_same_circuit_same_year(:new.idCircuit,:new.datestartrace,:new.dateendrace);
   
   IF nb_race > 0 THEN 
          RAISE_APPLICATION_ERROR(-20003, 'ALREADY RACE FOR CIRCUIT');
   END IF;
   ------------------------------------------------------------
   
   --calcule la longeur de la course
    mileage_c := HANDLECIRCUIT.get_mileage_of_circuit(:new.idCircuit);
    :new.mileage := :new.looprace * mileage_c;
   ------------------------------------------------------------
  
  EXCEPTION
    WHEN date_coherence THEN
        DBMS_OUTPUT.PUT_LINE('DATE COHERENCE');
        RAISE;
    WHEN already THEN
        DBMS_OUTPUT.PUT_LINE('ALREADY RACE FOR CIRCUIT');
        RAISE;
END;
/
ALTER TRIGGER "BS708164LM20"."RACE_BEFORE_INSERT" ENABLE;
--------------------------------------------------------
--  DDL for Trigger RACE_BEFORE_DELETE
--------------------------------------------------------

  CREATE OR REPLACE EDITIONABLE TRIGGER "BS708164LM20"."RACE_BEFORE_DELETE" 
BEFORE DELETE ON RACE  FOR EACH ROW
DECLARE
    nb NUMBER;
    have_result EXCEPTION;
    PRAGMA EXCEPTION_INIT (have_result, -20001);
BEGIN

    nb := handleraceparticipant.get_nb_of_race(:old.idRace);
    IF nb > 0 THEN
        RAISE_APPLICATION_ERROR(-20001, 'IS REFERENCED IN RACE PARTICIPANT');
    END IF;

  EXCEPTION
    WHEN have_result THEN 
        DBMS_OUTPUT.PUT_LINE('IS REFERENCED IN RACE PARTICIPANT');
        RAISE;
        
END;
/
ALTER TRIGGER "BS708164LM20"."RACE_BEFORE_DELETE" ENABLE;
--------------------------------------------------------
--  DDL for Trigger RACE_IDRACE
--------------------------------------------------------

  CREATE OR REPLACE EDITIONABLE TRIGGER "BS708164LM20"."RACE_IDRACE" 
	BEFORE INSERT ON Race 
  FOR EACH ROW  
	 WHEN (NEW.idRace IS NULL) BEGIN
		 select Seq_Race_idRace.NEXTVAL INTO :NEW.idRace from DUAL; 
	END;
/
ALTER TRIGGER "BS708164LM20"."RACE_IDRACE" ENABLE;
--------------------------------------------------------
--  DDL for Trigger RACEPARTICIPANT_IDRACEPARTICIPANT
--------------------------------------------------------

  CREATE OR REPLACE EDITIONABLE TRIGGER "BS708164LM20"."RACEPARTICIPANT_IDRACEPARTICIPANT" 
BEFORE INSERT ON RaceParticipant 
FOR EACH ROW  
 WHEN (NEW.idRaceParticipant IS NULL) BEGIN
     select Seq_RaceParticipant_idRaceParticipant.NEXTVAL INTO :NEW.idRaceParticipant from DUAL; 
END;
/
ALTER TRIGGER "BS708164LM20"."RACEPARTICIPANT_IDRACEPARTICIPANT" ENABLE;
--------------------------------------------------------
--  DDL for Trigger RACEPARTICIPANT_BEFORE_INSERT
--------------------------------------------------------

  CREATE OR REPLACE EDITIONABLE TRIGGER "BS708164LM20"."RACEPARTICIPANT_BEFORE_INSERT" 
BEFORE INSERT ON RACEPARTICIPANT FOR EACH ROW
DECLARE
    nb NUMBER;
    pos BOOLEAN;
    currentP BOOLEAN;
    race_li Race%ROWTYPE;
    startD DATE;
    startE DATE;
    
    only_two_pilote EXCEPTION;
    current_pilote_and_have_car EXCEPTION;
    history_pilote EXCEPTION;
    position_already_exist EXCEPTION;
    
    PRAGMA EXCEPTION_INIT (only_two_pilote, -20001);
    PRAGMA EXCEPTION_INIT (current_pilote_and_have_car, -20002);
    PRAGMA EXCEPTION_INIT (history_pilote, -20003);
    PRAGMA EXCEPTION_INIT (position_already_exist, -20010);
BEGIN

    --NB PILOTE MAX PER RACE
    nb := handleraceparticipant.get_nb_pilote_of_racing_stable_in_race(:new.idRace,:new.idRacingStable);
    IF nb >= 2 THEN
        RAISE_APPLICATION_ERROR(-20001, 'ALREADY 2 PILOTE FOR THIS RACE');
    END IF;
    
    --POSITION CHECK | CAN'T BE TWO PILOTES AT THE SAME POSITION
    pos := handleraceparticipant.check_pos_by_id_race(:new.IDRACE, :new.POSITIONRACE);
    IF pos THEN
      RAISE_APPLICATION_ERROR(-20010, 'THE NEW PILOTE HAS A WRONG POSITION (ALREADY EXISTS');
    END IF;  
      
    currentP := handleracingstablepilote.pilote_is_current_pilote_of_racing_stable(:new.idPilote,:new.idRacingStable);

    IF currentP THEN 
        --selectionne si le pilote a une voiture et si elle est available
        nb := handleracingstablepilote.get_nb_car_available_for_pilote(:new.idPilote,:new.idRacingStable);
        -- si pas de voiture available
        IF nb = 0 THEN
            RAISE_APPLICATION_ERROR(-20002, 'PILOTE CURRENT PILOTE BUT HAVE NOT CAR AVAILABLE');
        END IF;
    
    ELSE
    -- is not in current pilote test un history
        -- select date_race
        SELECT * INTO race_li
        FROM race
        WHERE race.idRace = :new.idRace;
        
        startD := race_li.datestartrace;
        startE := race_li.dateendrace;
        --get nb history of pilote at date of race
        nb := handleracingstablepilotehistory.get_nb_pilote_history_between_date(:new.idPilote,:new.idRacingStable,startD,startE);
        
        IF nb != 1 THEN 
            RAISE_APPLICATION_ERROR(-20003, 'PILOTE NOT CURRENT PILOTE AND HAVE NOT HISTORY ON DATE RACE');
        END IF;
        
    END IF;  
    
    EXCEPTION
        WHEN only_two_pilote THEN
             DBMS_OUTPUT.PUT_LINE('ALREADY 2 PILOTE FOR THIS RACE');
             RAISE;
         WHEN current_pilote_and_have_car THEN
             DBMS_OUTPUT.PUT_LINE('PILOTE CURRENT PILOTE BUT HAVE NOT CAR AVAILABLE');
             RAISE;
        WHEN history_pilote THEN
             DBMS_OUTPUT.PUT_LINE('PILOTE NOT CURRENT PILOTE AND HAVE NOT HISTORY ON DATE RACE');
             RAISE;
         WHEN position_already_exist THEN
             DBMS_OUTPUT.PUT_LINE('POSITION ALREADY EXISTS');
             RAISE;
END;
/
ALTER TRIGGER "BS708164LM20"."RACEPARTICIPANT_BEFORE_INSERT" ENABLE;
--------------------------------------------------------
--  DDL for Trigger RACINGSTABLE_IDRACINGSTABLE
--------------------------------------------------------

  CREATE OR REPLACE EDITIONABLE TRIGGER "BS708164LM20"."RACINGSTABLE_IDRACINGSTABLE" 
	BEFORE INSERT ON RacingStable 
  FOR EACH ROW  
	 WHEN (NEW.idRacingStable IS NULL) BEGIN
		 select Seq_RacingStable_idRacingStable.NEXTVAL INTO :NEW.idRacingStable from DUAL; 
	END;
/
ALTER TRIGGER "BS708164LM20"."RACINGSTABLE_IDRACINGSTABLE" ENABLE;
--------------------------------------------------------
--  DDL for Trigger RACINGSTABLE_BEFORE_DELETE
--------------------------------------------------------

  CREATE OR REPLACE EDITIONABLE TRIGGER "BS708164LM20"."RACINGSTABLE_BEFORE_DELETE" 
BEFORE DELETE ON racingstable FOR EACH ROW
DECLARE
    nb_have_participate_race NUMBER;
    have_race EXCEPTION;
    PRAGMA EXCEPTION_INIT(have_race,-20001);
BEGIN
   
   nb_have_participate_race := handleracingstable.get_nb_race_of_racingstable(:old.idRacingStable);
   IF nb_have_participate_race > 0 THEN
        RAISE_APPLICATION_ERROR(-20001, 'Racing Stable have pilote referenced in race participant');
   END IF;

    DELETE FROM racingstablepilotehistory rsph WHERE rsph.idRacingStable = :old.idRacingStable;
    DELETE FROM racingstablepilote rsp WHERE rsp.idRacingStable = :old.idRacingStable;
    DELETE FROM carsracingstable crs WHERE crs.idRacingStable = :old.idRacingStable;

    EXCEPTION
        WHEN have_race THEN
            DBMS_OUTPUT.PUT_LINE('Racing Stable have pilote referenced in race participant');
             RAISE;


END;
/
ALTER TRIGGER "BS708164LM20"."RACINGSTABLE_BEFORE_DELETE" ENABLE;
--------------------------------------------------------
--  DDL for Trigger RACINGSTABLEPILOTE_BEFORE_DELETE
--------------------------------------------------------

  CREATE OR REPLACE EDITIONABLE TRIGGER "BS708164LM20"."RACINGSTABLEPILOTE_BEFORE_DELETE" 
BEFORE DELETE ON RACINGSTABLEPILOTE FOR EACH ROW
DECLARE 
    nb NUMBER;
    weekend EXCEPTION;
    PRAGMA EXCEPTION_INIT(weekend,-20002);
BEGIN

  IF to_char(SYSDATE,'DY') in ('VEN.','SAM.','DIM.') THEN
    RAISE_APPLICATION_ERROR(-20002, 'CANNOT REMOVE PLAYER OF RACING STABLE WEEK END'|| to_char(SYSDATE,'DY'));
  END IF;

  INSERT INTO racingstablepilotehistory (hadJoined, hadLeft, idRacingStable, IdPilote) VALUES (:old.dateHaveJoin, SYSDATE, :old.idRacingStable, :old.idPilote);
  DELETE FROM carracingstablepilote crsp WHERE crsp.idRacingStablePilote = :old.idRacingStablePilote;
  
   EXCEPTION
        WHEN weekend THEN
            DBMS_OUTPUT.PUT_LINE('CANNOT REMOVE PLAYER OF RACING STABLE WEEK END '|| to_char(SYSDATE,'DY'));
            RAISE;
END;
/
ALTER TRIGGER "BS708164LM20"."RACINGSTABLEPILOTE_BEFORE_DELETE" ENABLE;
--------------------------------------------------------
--  DDL for Trigger RACINGSTABLEPILOTE_IDRACINGSTABLEPILOTE
--------------------------------------------------------

  CREATE OR REPLACE EDITIONABLE TRIGGER "BS708164LM20"."RACINGSTABLEPILOTE_IDRACINGSTABLEPILOTE" 
	BEFORE INSERT ON RacingStablePilote 
  FOR EACH ROW  
	 WHEN (NEW.idRacingStablePilote IS NULL) BEGIN
		 select Seq_RacingStablePilote_idRacingStablePilote.NEXTVAL INTO :NEW.idRacingStablePilote from DUAL; 
	END;
/
ALTER TRIGGER "BS708164LM20"."RACINGSTABLEPILOTE_IDRACINGSTABLEPILOTE" ENABLE;
--------------------------------------------------------
--  DDL for Trigger RACINGSTABLEPILOTE_BEFORE_INSERT
--------------------------------------------------------

  CREATE OR REPLACE EDITIONABLE TRIGGER "BS708164LM20"."RACINGSTABLEPILOTE_BEFORE_INSERT" 
BEFORE INSERT ON racingstablePilote FOR EACH ROW
DECLARE
    nb_car_rs NUMBER;
    nb_pilote_stable NUMBER;
    have_race EXCEPTION;
    weekend EXCEPTION;
    PRAGMA EXCEPTION_INIT(have_race,-20001);
    PRAGMA EXCEPTION_INIT(weekend,-20002);
BEGIN
  
  IF :new.datehavejoin = NULL THEN
    :new.datehavejoin := SYSDATE;
  END IF;
  
  IF to_char(:new.datehavejoin,'DY') in ('VEN.','SAM.','DIM.') THEN
    RAISE_APPLICATION_ERROR(-20002, 'CANNOT ADD PLAYER IN RACING STABLE WEEK END');
  END IF;
  
  DBMS_OUTPUT.PUT_LINE(to_char(:new.datehavejoin,'DY'));
  nb_pilote_stable := handleracingstable.get_nb_pilote_of_racingstable(:new.idracingstable);
  IF nb_pilote_stable  >= 2 THEN
    RAISE_APPLICATION_ERROR(-20001, 'RACING STABLE HAVE ALREADY 2 PILOTE.');
  END IF;
  
    EXCEPTION
        WHEN have_race THEN
            DBMS_OUTPUT.PUT_LINE('RACING STABLE HAVE ALREADY 2 PILOTE.');
            RAISE;
        WHEN weekend THEN
            DBMS_OUTPUT.PUT_LINE('CANNOT ADD PLAYER IN RACING STABLE WEEK END');
            RAISE;
END;
/
ALTER TRIGGER "BS708164LM20"."RACINGSTABLEPILOTE_BEFORE_INSERT" ENABLE;
--------------------------------------------------------
--  DDL for Trigger RACINGSTABLEPILOTEHISTORY_IDRACINGSTABLEPILOTEHISTORY
--------------------------------------------------------

  CREATE OR REPLACE EDITIONABLE TRIGGER "BS708164LM20"."RACINGSTABLEPILOTEHISTORY_IDRACINGSTABLEPILOTEHISTORY" 
	BEFORE INSERT ON RacingStablePiloteHistory 
  FOR EACH ROW 
	 WHEN (NEW.idRacingStablePiloteHistory IS NULL) BEGIN
		 select Seq_RacingStablePiloteHistory_idRacingStablePiloteHistory.NEXTVAL INTO :NEW.idRacingStablePiloteHistory from DUAL; 
	END;

/
ALTER TRIGGER "BS708164LM20"."RACINGSTABLEPILOTEHISTORY_IDRACINGSTABLEPILOTEHISTORY" ENABLE;
--------------------------------------------------------
--  DDL for Trigger RACINGSTABLEPILOTEHISTORY_BEFORE_INSERT
--------------------------------------------------------

  CREATE OR REPLACE EDITIONABLE TRIGGER "BS708164LM20"."RACINGSTABLEPILOTEHISTORY_BEFORE_INSERT" 
BEFORE INSERT ON RACINGSTABLEPILOTEHISTORY FOR EACH ROW
DECLARE
    nb NUMBER;
    date_coerence EXCEPTION;
    pilote_can_not_have_two_rs EXCEPTION;
    date_week_end EXCEPTION;
    already EXCEPTION;
    PRAGMA EXCEPTION_INIT(date_coerence,-20001);
    PRAGMA EXCEPTION_INIT(date_week_end,-20002);
    PRAGMA EXCEPTION_INIT(already,-20003);
BEGIN
    
    -- date de depart inferieur a la date de fin
    IF :new.hadjoined > : new.hadleft THEN
        RAISE_APPLICATION_ERROR(-20001, 'START DATE > END DATE');
    END IF;
    
    -- les deux dates ne peuvent pas être le week end
    IF to_char(:new.hadLeft,'DY') in ('VEN.','SAM.','DIM.') OR to_char(:new.hadJoined,'DY') in ('VEN.','SAM.','DIM.') THEN
        RAISE_APPLICATION_ERROR(-20002, 'CANNOT ADD PLAYER IN RACING STABLE WEEK END  ' || to_char(:new.hadLeft,'DY') || '    ' || to_char(:new.hadJoined,'DY'));
    END IF;
    
    -- selectionne tous les historiques concernant un pilote et selectionne ceux dont la periode de contrats s'entrecroise
    nb := handleracingstablepilotehistory.get_nb_pilote_history_with_on_same_plage_date(:new.idPilote,:new.hadJoined,:new.hadLeft);
    IF nb > 0 THEN
         RAISE_APPLICATION_ERROR(-20003, 'PILOTE IS ALREADY DEFINE ON SAME DATE');
    END IF;
  
  EXCEPTION 
    WHEN date_coerence THEN 
         DBMS_OUTPUT.PUT_LINE('START DATE > END DATE');
          RAISE;
    WHEN date_week_end THEN 
         DBMS_OUTPUT.PUT_LINE('CANNOT ADD PLAYER IN RACING STABLE WEEK END');
        RAISE;
    WHEN already THEN 
         DBMS_OUTPUT.PUT_LINE('PILOTE IS ALREADY DEFINE ON SAME DATE');
        RAISE;
END;
/
ALTER TRIGGER "BS708164LM20"."RACINGSTABLEPILOTEHISTORY_BEFORE_INSERT" ENABLE;
--------------------------------------------------------
--  DDL for Trigger RACINGSTABLEPILOTEHISTORY_BEFORE_DELETE
--------------------------------------------------------

  CREATE OR REPLACE EDITIONABLE TRIGGER "BS708164LM20"."RACINGSTABLEPILOTEHISTORY_BEFORE_DELETE" 
BEFORE DELETE ON RACINGSTABLEPILOTEHISTORY FOR EACH ROW
DECLARE
    nb_race NUMBER;
    have_race EXCEPTION;
    PRAGMA EXCEPTION_INIT(have_race,-20002);
BEGIN

    nb_race := handleraceparticipant.get_nb_race_of_pilote_between_dates(:old.idPilote,:old.idRacingStable,:old.hadJoined,:old.hadLeft); --verifier
    IF nb_race > 0 THEN
        RAISE_APPLICATION_ERROR(-20002, 'PILOTE REFERENCED IN RACE');
    END IF;
    
    EXCEPTION
        WHEN have_race THEN
            DBMS_OUTPUT.PUT_LINE('PILOTE REFERENCED IN RACE');
             RAISE;
END;
/
ALTER TRIGGER "BS708164LM20"."RACINGSTABLEPILOTEHISTORY_BEFORE_DELETE" ENABLE;
--------------------------------------------------------
--  Constraints for Table CARRACINGSTABLEPILOTE
--------------------------------------------------------

  ALTER TABLE "BS708164LM20"."CARRACINGSTABLEPILOTE" MODIFY ("IDCARRACINGSTABLEPILOTE" NOT NULL ENABLE);
  ALTER TABLE "BS708164LM20"."CARRACINGSTABLEPILOTE" MODIFY ("IDCAR" NOT NULL ENABLE);
  ALTER TABLE "BS708164LM20"."CARRACINGSTABLEPILOTE" MODIFY ("IDRACINGSTABLEPILOTE" NOT NULL ENABLE);
  ALTER TABLE "BS708164LM20"."CARRACINGSTABLEPILOTE" ADD CONSTRAINT "CARRACINGSTABLEPILOTE_PK" PRIMARY KEY ("IDCARRACINGSTABLEPILOTE")
  USING INDEX PCTFREE 10 INITRANS 2 MAXTRANS 255 COMPUTE STATISTICS 
  STORAGE(INITIAL 65536 NEXT 1048576 MINEXTENTS 1 MAXEXTENTS 2147483645
  PCTINCREASE 0 FREELISTS 1 FREELIST GROUPS 1
  BUFFER_POOL DEFAULT FLASH_CACHE DEFAULT CELL_FLASH_CACHE DEFAULT)
  TABLESPACE "USERS"  ENABLE;
  ALTER TABLE "BS708164LM20"."CARRACINGSTABLEPILOTE" ADD CONSTRAINT "CARRACINGSTABLEPILOTE_CARSRACINGSTABLE_AK" UNIQUE ("IDCAR")
  USING INDEX PCTFREE 10 INITRANS 2 MAXTRANS 255 COMPUTE STATISTICS 
  STORAGE(INITIAL 65536 NEXT 1048576 MINEXTENTS 1 MAXEXTENTS 2147483645
  PCTINCREASE 0 FREELISTS 1 FREELIST GROUPS 1
  BUFFER_POOL DEFAULT FLASH_CACHE DEFAULT CELL_FLASH_CACHE DEFAULT)
  TABLESPACE "USERS"  ENABLE;
  ALTER TABLE "BS708164LM20"."CARRACINGSTABLEPILOTE" ADD CONSTRAINT "CARRACINGSTABLEPILOTE_RACINGSTABLEPILOTE0_AK" UNIQUE ("IDRACINGSTABLEPILOTE")
  USING INDEX PCTFREE 10 INITRANS 2 MAXTRANS 255 COMPUTE STATISTICS 
  STORAGE(INITIAL 65536 NEXT 1048576 MINEXTENTS 1 MAXEXTENTS 2147483645
  PCTINCREASE 0 FREELISTS 1 FREELIST GROUPS 1
  BUFFER_POOL DEFAULT FLASH_CACHE DEFAULT CELL_FLASH_CACHE DEFAULT)
  TABLESPACE "USERS"  ENABLE;
--------------------------------------------------------
--  Constraints for Table CARSRACINGSTABLE
--------------------------------------------------------

  ALTER TABLE "BS708164LM20"."CARSRACINGSTABLE" MODIFY ("IDCAR" NOT NULL ENABLE);
  ALTER TABLE "BS708164LM20"."CARSRACINGSTABLE" MODIFY ("NAME" NOT NULL ENABLE);
  ALTER TABLE "BS708164LM20"."CARSRACINGSTABLE" MODIFY ("IDRACINGSTABLE" NOT NULL ENABLE);
  ALTER TABLE "BS708164LM20"."CARSRACINGSTABLE" ADD CONSTRAINT "CHK_TYPE_STATE" CHECK (state IN ('AVAILABLE','MAINTENANCE','CRASHED')) ENABLE;
  ALTER TABLE "BS708164LM20"."CARSRACINGSTABLE" ADD CONSTRAINT "CARSRACINGSTABLE_PK" PRIMARY KEY ("IDCAR")
  USING INDEX PCTFREE 10 INITRANS 2 MAXTRANS 255 COMPUTE STATISTICS 
  STORAGE(INITIAL 65536 NEXT 1048576 MINEXTENTS 1 MAXEXTENTS 2147483645
  PCTINCREASE 0 FREELISTS 1 FREELIST GROUPS 1
  BUFFER_POOL DEFAULT FLASH_CACHE DEFAULT CELL_FLASH_CACHE DEFAULT)
  TABLESPACE "USERS"  ENABLE;
--------------------------------------------------------
--  Constraints for Table CIRCUIT
--------------------------------------------------------

  ALTER TABLE "BS708164LM20"."CIRCUIT" MODIFY ("IDCIRCUIT" NOT NULL ENABLE);
  ALTER TABLE "BS708164LM20"."CIRCUIT" MODIFY ("NAME" NOT NULL ENABLE);
  ALTER TABLE "BS708164LM20"."CIRCUIT" MODIFY ("COUNTRY" NOT NULL ENABLE);
  ALTER TABLE "BS708164LM20"."CIRCUIT" MODIFY ("MILEAGE" NOT NULL ENABLE);
  ALTER TABLE "BS708164LM20"."CIRCUIT" ADD CONSTRAINT "CIRCUIT_PK" PRIMARY KEY ("IDCIRCUIT")
  USING INDEX PCTFREE 10 INITRANS 2 MAXTRANS 255 COMPUTE STATISTICS 
  STORAGE(INITIAL 65536 NEXT 1048576 MINEXTENTS 1 MAXEXTENTS 2147483645
  PCTINCREASE 0 FREELISTS 1 FREELIST GROUPS 1
  BUFFER_POOL DEFAULT FLASH_CACHE DEFAULT CELL_FLASH_CACHE DEFAULT)
  TABLESPACE "USERS"  ENABLE;
--------------------------------------------------------
--  Constraints for Table PILOTE
--------------------------------------------------------

  ALTER TABLE "BS708164LM20"."PILOTE" MODIFY ("IDPILOTE" NOT NULL ENABLE);
  ALTER TABLE "BS708164LM20"."PILOTE" MODIFY ("NAME" NOT NULL ENABLE);
  ALTER TABLE "BS708164LM20"."PILOTE" MODIFY ("DATEBIRTH" NOT NULL ENABLE);
  ALTER TABLE "BS708164LM20"."PILOTE" ADD CONSTRAINT "CHK_TYPE_NATIONALITY" CHECK (nationality IN ('POLAND','AMERICA','AUSTRALIA','UK','GERMANY','CANADA','FINLAND','FRANCE','MEXICO','MONACO','DENMARK','THAILAND','RUSSIA','NETHERLANDS','SPAIN','ITALY')) ENABLE;
  ALTER TABLE "BS708164LM20"."PILOTE" ADD CONSTRAINT "PILOTE_PK" PRIMARY KEY ("IDPILOTE")
  USING INDEX PCTFREE 10 INITRANS 2 MAXTRANS 255 COMPUTE STATISTICS 
  STORAGE(INITIAL 65536 NEXT 1048576 MINEXTENTS 1 MAXEXTENTS 2147483645
  PCTINCREASE 0 FREELISTS 1 FREELIST GROUPS 1
  BUFFER_POOL DEFAULT FLASH_CACHE DEFAULT CELL_FLASH_CACHE DEFAULT)
  TABLESPACE "USERS"  ENABLE;
--------------------------------------------------------
--  Constraints for Table RACE
--------------------------------------------------------

  ALTER TABLE "BS708164LM20"."RACE" MODIFY ("IDRACE" NOT NULL ENABLE);
  ALTER TABLE "BS708164LM20"."RACE" MODIFY ("LOOPRACE" NOT NULL ENABLE);
  ALTER TABLE "BS708164LM20"."RACE" MODIFY ("DATESTARTRACE" NOT NULL ENABLE);
  ALTER TABLE "BS708164LM20"."RACE" MODIFY ("DATEENDRACE" NOT NULL ENABLE);
  ALTER TABLE "BS708164LM20"."RACE" MODIFY ("MILEAGE" NOT NULL ENABLE);
  ALTER TABLE "BS708164LM20"."RACE" MODIFY ("IDCIRCUIT" NOT NULL ENABLE);
  ALTER TABLE "BS708164LM20"."RACE" ADD CONSTRAINT "RACE_PK" PRIMARY KEY ("IDRACE")
  USING INDEX PCTFREE 10 INITRANS 2 MAXTRANS 255 COMPUTE STATISTICS 
  STORAGE(INITIAL 65536 NEXT 1048576 MINEXTENTS 1 MAXEXTENTS 2147483645
  PCTINCREASE 0 FREELISTS 1 FREELIST GROUPS 1
  BUFFER_POOL DEFAULT FLASH_CACHE DEFAULT CELL_FLASH_CACHE DEFAULT)
  TABLESPACE "USERS"  ENABLE;
--------------------------------------------------------
--  Constraints for Table RACEPARTICIPANT
--------------------------------------------------------

  ALTER TABLE "BS708164LM20"."RACEPARTICIPANT" MODIFY ("IDRACEPARTICIPANT" NOT NULL ENABLE);
  ALTER TABLE "BS708164LM20"."RACEPARTICIPANT" MODIFY ("POSITIONRACE" NOT NULL ENABLE);
  ALTER TABLE "BS708164LM20"."RACEPARTICIPANT" MODIFY ("DIFLOOP" NOT NULL ENABLE);
  ALTER TABLE "BS708164LM20"."RACEPARTICIPANT" MODIFY ("IDRACE" NOT NULL ENABLE);
  ALTER TABLE "BS708164LM20"."RACEPARTICIPANT" MODIFY ("IDPILOTE" NOT NULL ENABLE);
  ALTER TABLE "BS708164LM20"."RACEPARTICIPANT" MODIFY ("IDRACINGSTABLE" NOT NULL ENABLE);
  ALTER TABLE "BS708164LM20"."RACEPARTICIPANT" ADD CONSTRAINT "RACEPARTICIPANT_PK" PRIMARY KEY ("IDRACEPARTICIPANT")
  USING INDEX PCTFREE 10 INITRANS 2 MAXTRANS 255 COMPUTE STATISTICS 
  STORAGE(INITIAL 65536 NEXT 1048576 MINEXTENTS 1 MAXEXTENTS 2147483645
  PCTINCREASE 0 FREELISTS 1 FREELIST GROUPS 1
  BUFFER_POOL DEFAULT FLASH_CACHE DEFAULT CELL_FLASH_CACHE DEFAULT)
  TABLESPACE "USERS"  ENABLE;
  ALTER TABLE "BS708164LM20"."RACEPARTICIPANT" ADD CONSTRAINT "RACEPARTICIPANT_PILOTE_AK" UNIQUE ("IDPILOTE", "IDRACE", "IDRACINGSTABLE")
  USING INDEX PCTFREE 10 INITRANS 2 MAXTRANS 255 COMPUTE STATISTICS 
  STORAGE(INITIAL 65536 NEXT 1048576 MINEXTENTS 1 MAXEXTENTS 2147483645
  PCTINCREASE 0 FREELISTS 1 FREELIST GROUPS 1
  BUFFER_POOL DEFAULT FLASH_CACHE DEFAULT CELL_FLASH_CACHE DEFAULT)
  TABLESPACE "USERS"  ENABLE;
--------------------------------------------------------
--  Constraints for Table RACINGSTABLE
--------------------------------------------------------

  ALTER TABLE "BS708164LM20"."RACINGSTABLE" MODIFY ("IDRACINGSTABLE" NOT NULL ENABLE);
  ALTER TABLE "BS708164LM20"."RACINGSTABLE" MODIFY ("NAME" NOT NULL ENABLE);
  ALTER TABLE "BS708164LM20"."RACINGSTABLE" MODIFY ("CONSTRUCTOR" NOT NULL ENABLE);
  ALTER TABLE "BS708164LM20"."RACINGSTABLE" MODIFY ("DATEOFCREATION" NOT NULL ENABLE);
  ALTER TABLE "BS708164LM20"."RACINGSTABLE" MODIFY ("NBCARSAVAILABLE" NOT NULL ENABLE);
  ALTER TABLE "BS708164LM20"."RACINGSTABLE" MODIFY ("TIMEINRACE" NOT NULL ENABLE);
  ALTER TABLE "BS708164LM20"."RACINGSTABLE" ADD CONSTRAINT "RACINGSTABLE_PK" PRIMARY KEY ("IDRACINGSTABLE")
  USING INDEX PCTFREE 10 INITRANS 2 MAXTRANS 255 COMPUTE STATISTICS 
  STORAGE(INITIAL 65536 NEXT 1048576 MINEXTENTS 1 MAXEXTENTS 2147483645
  PCTINCREASE 0 FREELISTS 1 FREELIST GROUPS 1
  BUFFER_POOL DEFAULT FLASH_CACHE DEFAULT CELL_FLASH_CACHE DEFAULT)
  TABLESPACE "USERS"  ENABLE;
--------------------------------------------------------
--  Constraints for Table RACINGSTABLEPILOTE
--------------------------------------------------------

  ALTER TABLE "BS708164LM20"."RACINGSTABLEPILOTE" MODIFY ("IDRACINGSTABLEPILOTE" NOT NULL ENABLE);
  ALTER TABLE "BS708164LM20"."RACINGSTABLEPILOTE" MODIFY ("DATEHAVEJOIN" NOT NULL ENABLE);
  ALTER TABLE "BS708164LM20"."RACINGSTABLEPILOTE" MODIFY ("IDRACINGSTABLE" NOT NULL ENABLE);
  ALTER TABLE "BS708164LM20"."RACINGSTABLEPILOTE" MODIFY ("IDPILOTE" NOT NULL ENABLE);
  ALTER TABLE "BS708164LM20"."RACINGSTABLEPILOTE" ADD CONSTRAINT "RACINGSTABLEPILOTE_PK" PRIMARY KEY ("IDRACINGSTABLEPILOTE")
  USING INDEX PCTFREE 10 INITRANS 2 MAXTRANS 255 COMPUTE STATISTICS 
  STORAGE(INITIAL 65536 NEXT 1048576 MINEXTENTS 1 MAXEXTENTS 2147483645
  PCTINCREASE 0 FREELISTS 1 FREELIST GROUPS 1
  BUFFER_POOL DEFAULT FLASH_CACHE DEFAULT CELL_FLASH_CACHE DEFAULT)
  TABLESPACE "USERS"  ENABLE;
  ALTER TABLE "BS708164LM20"."RACINGSTABLEPILOTE" ADD CONSTRAINT "RACINGSTABLEPILOTE_PILOTE_AK" UNIQUE ("IDPILOTE")
  USING INDEX PCTFREE 10 INITRANS 2 MAXTRANS 255 COMPUTE STATISTICS 
  STORAGE(INITIAL 65536 NEXT 1048576 MINEXTENTS 1 MAXEXTENTS 2147483645
  PCTINCREASE 0 FREELISTS 1 FREELIST GROUPS 1
  BUFFER_POOL DEFAULT FLASH_CACHE DEFAULT CELL_FLASH_CACHE DEFAULT)
  TABLESPACE "USERS"  ENABLE;
--------------------------------------------------------
--  Constraints for Table RACINGSTABLEPILOTEHISTORY
--------------------------------------------------------

  ALTER TABLE "BS708164LM20"."RACINGSTABLEPILOTEHISTORY" MODIFY ("IDRACINGSTABLEPILOTEHISTORY" NOT NULL ENABLE);
  ALTER TABLE "BS708164LM20"."RACINGSTABLEPILOTEHISTORY" MODIFY ("HADJOINED" NOT NULL ENABLE);
  ALTER TABLE "BS708164LM20"."RACINGSTABLEPILOTEHISTORY" MODIFY ("HADLEFT" NOT NULL ENABLE);
  ALTER TABLE "BS708164LM20"."RACINGSTABLEPILOTEHISTORY" MODIFY ("IDRACINGSTABLE" NOT NULL ENABLE);
  ALTER TABLE "BS708164LM20"."RACINGSTABLEPILOTEHISTORY" MODIFY ("IDPILOTE" NOT NULL ENABLE);
  ALTER TABLE "BS708164LM20"."RACINGSTABLEPILOTEHISTORY" ADD CONSTRAINT "RACINGSTABLEPILOTEHISTORY_PK" PRIMARY KEY ("IDRACINGSTABLEPILOTEHISTORY")
  USING INDEX PCTFREE 10 INITRANS 2 MAXTRANS 255 COMPUTE STATISTICS 
  STORAGE(INITIAL 65536 NEXT 1048576 MINEXTENTS 1 MAXEXTENTS 2147483645
  PCTINCREASE 0 FREELISTS 1 FREELIST GROUPS 1
  BUFFER_POOL DEFAULT FLASH_CACHE DEFAULT CELL_FLASH_CACHE DEFAULT)
  TABLESPACE "USERS"  ENABLE;
--------------------------------------------------------
--  Ref Constraints for Table CARRACINGSTABLEPILOTE
--------------------------------------------------------

  ALTER TABLE "BS708164LM20"."CARRACINGSTABLEPILOTE" ADD CONSTRAINT "CARRACINGSTABLEPILOTE_CARSRACINGSTABLE_FK" FOREIGN KEY ("IDCAR")
	  REFERENCES "BS708164LM20"."CARSRACINGSTABLE" ("IDCAR") ENABLE;
  ALTER TABLE "BS708164LM20"."CARRACINGSTABLEPILOTE" ADD CONSTRAINT "CARRACINGSTABLEPILOTE_RACINGSTABLEPILOTE0_FK" FOREIGN KEY ("IDRACINGSTABLEPILOTE")
	  REFERENCES "BS708164LM20"."RACINGSTABLEPILOTE" ("IDRACINGSTABLEPILOTE") ENABLE;
--------------------------------------------------------
--  Ref Constraints for Table CARSRACINGSTABLE
--------------------------------------------------------

  ALTER TABLE "BS708164LM20"."CARSRACINGSTABLE" ADD CONSTRAINT "CARSRACINGSTABLE_RACINGSTABLE_FK" FOREIGN KEY ("IDRACINGSTABLE")
	  REFERENCES "BS708164LM20"."RACINGSTABLE" ("IDRACINGSTABLE") ENABLE;
--------------------------------------------------------
--  Ref Constraints for Table RACE
--------------------------------------------------------

  ALTER TABLE "BS708164LM20"."RACE" ADD CONSTRAINT "RACE_CIRCUIT_FK" FOREIGN KEY ("IDCIRCUIT")
	  REFERENCES "BS708164LM20"."CIRCUIT" ("IDCIRCUIT") ENABLE;
--------------------------------------------------------
--  Ref Constraints for Table RACEPARTICIPANT
--------------------------------------------------------

  ALTER TABLE "BS708164LM20"."RACEPARTICIPANT" ADD CONSTRAINT "RACEPARTICIPANT_RACE_FK" FOREIGN KEY ("IDRACE")
	  REFERENCES "BS708164LM20"."RACE" ("IDRACE") ENABLE;
  ALTER TABLE "BS708164LM20"."RACEPARTICIPANT" ADD CONSTRAINT "RACEPARTICIPANT_PILOTE0_FK" FOREIGN KEY ("IDPILOTE")
	  REFERENCES "BS708164LM20"."PILOTE" ("IDPILOTE") ENABLE;
  ALTER TABLE "BS708164LM20"."RACEPARTICIPANT" ADD CONSTRAINT "RACEPARTICIPANT_RACINGSTABLE1_FK" FOREIGN KEY ("IDRACINGSTABLE")
	  REFERENCES "BS708164LM20"."RACINGSTABLE" ("IDRACINGSTABLE") ENABLE;
--------------------------------------------------------
--  Ref Constraints for Table RACINGSTABLEPILOTE
--------------------------------------------------------

  ALTER TABLE "BS708164LM20"."RACINGSTABLEPILOTE" ADD CONSTRAINT "RACINGSTABLEPILOTE_RACINGSTABLE_FK" FOREIGN KEY ("IDRACINGSTABLE")
	  REFERENCES "BS708164LM20"."RACINGSTABLE" ("IDRACINGSTABLE") ENABLE;
  ALTER TABLE "BS708164LM20"."RACINGSTABLEPILOTE" ADD CONSTRAINT "RACINGSTABLEPILOTE_PILOTE0_FK" FOREIGN KEY ("IDPILOTE")
	  REFERENCES "BS708164LM20"."PILOTE" ("IDPILOTE") ENABLE;
--------------------------------------------------------
--  Ref Constraints for Table RACINGSTABLEPILOTEHISTORY
--------------------------------------------------------

  ALTER TABLE "BS708164LM20"."RACINGSTABLEPILOTEHISTORY" ADD CONSTRAINT "RACINGSTABLEPILOTEHISTORY_RACINGSTABLE_FK" FOREIGN KEY ("IDRACINGSTABLE")
	  REFERENCES "BS708164LM20"."RACINGSTABLE" ("IDRACINGSTABLE") ENABLE;
  ALTER TABLE "BS708164LM20"."RACINGSTABLEPILOTEHISTORY" ADD CONSTRAINT "RACINGSTABLEPILOTEHISTORY_PILOTE0_FK" FOREIGN KEY ("IDPILOTE")
	  REFERENCES "BS708164LM20"."PILOTE" ("IDPILOTE") ENABLE;
